ability_id,ability_name
1,Adaptability
2,Aftermath
3,Air Lock
4,Anger Point
5,Anticipation
6,Arena Trap
7,Bad Dreams
8,Ball Fetch
9,Battery
10,Battle Armor
11,Beast Boost
12,Berserk
13,Big Pecks
14,Blaze
15,Bulletproof
16,Cheek Pouch
17,Chlorophyll
18,Clear Body
19,Cloud Nine
20,Color Change
21,Comatose
22,Competitive
23,Compound Eyes
24,Contrary
25,Corrosion
26,Cotton Down
27,Cursed Body
28,Cute Charm
29,Damp
30,Dancer
31,Dark Aura
32,Dauntless Shield
33,Dazzling
34,Defeatist
35,Defiant
36,Disguise
37,Download
38,Drizzle
39,Drought
40,Dry Skin
41,Early Bird
42,Effect Spore
43,Electric Surge
44,Emergency Exit
45,Fairy Aura
46,Filter
47,Flame Body
48,Flash Fire
49,Flower Gift
50,Flower Veil
51,Fluffy
52,Forecast
53,Forewarn
54,Frisk
55,Full Metal Body
56,Fur Coat
57,Gluttony
58,Grassy Surge
59,Gulp Missile
60,Guts
61,Healer
62,Heatproof
63,Heavy Metal
64,Honey Gather
65,Huge Power
66,Hunger Switch
67,Hustle
68,Hydration
69,Hyper Cutter
70,Ice Body
71,Ice Face
72,Illuminate
73,Illusion
74,Immunity
75,Infiltrator
76,Innards Out
77,Inner Focus
78,Insomnia
79,Intimidate
80,Intrepid Sword
81,Iron Barbs
82,Iron Fist
83,Justified
84,Keen Eye
85,Klutz
86,Leaf Guard
87,Levitate
88,Light Metal
89,Lightning Rod
90,Limber
91,Liquid Ooze
92,Magic Guard
93,Magician
94,Magma Armor
95,Magnet Pull
96,Marvel Scale
97,Merciless
98,Minus
99,Misty Surge
100,Mold Breaker
101,Motor Drive
102,Moxie
103,Multitype
104,Mummy
105,Natural Cure
106,Neutralizing Gas
107,No Guard
108,Normalize
109,Oblivious
110,Overcoat
111,Overgrow
112,Own Tempo
113,Pickup
114,Plus
115,Poison Heal
116,Poison Point
117,Poison Touch
118,Power Construct
119,Power Spot
120,Prankster
121,Pressure
122,Prism Armor
123,Psychic Surge
124,Punk Rock
125,Pure Power
126,Queenly Majesty
127,Quick Feet
128,Rain Dish
129,Rattled
130,Receiver
131,Reckless
132,Refrigerate
133,Regenerator
134,Ripen
135,Rivalry
136,RKS System
137,Rock Head
138,Rough Skin
139,Run Away
140,Sand Force
141,Sand Rush
142,Sand Spit
143,Sand Stream
144,Sand Veil
145,Sap Sipper
146,Schooling
147,Scrappy
148,Screen Cleaner
149,Serene Grace
150,Shadow Shield
151,Shadow Tag
152,Shed Skin
153,Sheer Force
154,Shell Armor
155,Shield Dust
156,Shields Down
157,Simple
158,Skill Link
159,Slow Start
160,Slush Rush
161,Sniper
162,Snow Cloak
163,Snow Warning
164,Solar Power
165,Solid Rock
166,Soul-Heart
167,Soundproof
168,Speed Boost
169,Stakeout
170,Stall
171,Stamina
172,Stance Change
173,Static
174,Steadfast
175,Steam Engine
176,Steelworker
177,Stench
178,Sticky Hold
179,Storm Drain
180,Strong Jaw
181,Sturdy
182,Suction Cups
183,Super Luck
184,Swarm
185,Sweet Veil
186,Swift Swim
187,Synchronize
188,Tangled Feet
189,Technician
190,Telepathy
191,Teravolt
192,Thick Fat
193,Tinted Lens
194,Torrent
195,Tough Claws
196,Trace
197,Triage
198,Truant
199,Turboblaze
200,Unaware
201,Unburden
202,Unnerve
203,Victory Star
204,Vital Spirit
205,Volt Absorb
206,Wandering Spirit
207,Water Absorb
208,Water Bubble
209,Water Compaction
210,Water Veil
211,Weak Armor
212,White Smoke
213,Wimp Out
214,Wonder Guard
215,Wonder Skin
