pokemon_id,pokemon_name,total_points,HP,attack,defense,special_attack,special_defense,speed,family
1,Bulbasaur,318,45,49,49,65,65,45,Bulbasaur
2,Ivysaur,405,60,62,63,80,80,60,Bulbasaur
3,Venusaur,525,80,82,83,100,100,80,Bulbasaur
4,Charmander,309,39,52,43,60,50,65,Charmander
5,Charmeleon,405,58,64,58,80,65,80,Charmander
6,Charizard,534,78,84,78,109,85,100,Charmander
7,Squirtle,314,44,48,65,50,64,43,Squirtle
8,Wartortle,405,59,63,80,65,80,58,Squirtle
9,Blastoise,530,79,83,100,85,105,78,Squirtle
10,Caterpie,195,45,30,35,20,20,45,Caterpie
11,Metapod,205,50,20,55,25,25,30,Caterpie
12,Butterfree,395,60,45,50,90,80,70,Caterpie
13,Weedle,195,40,35,30,20,20,50,Weedle
14,Kakuna,205,45,25,50,25,25,35,Weedle
15,Beedrill,395,65,90,40,45,80,75,Weedle
16,Pidgey,251,40,45,40,35,35,56,Pidgey
17,Pidgeotto,349,63,60,55,50,50,71,Pidgey
18,Pidgeot,479,83,80,75,70,70,101,Pidgey
19,Rattata,253,30,56,35,25,35,72,Rattata
20,Raticate,413,55,81,60,50,70,97,Rattata
21,Spearow,262,40,60,30,31,31,70,Spearow
22,Fearow,442,65,90,65,61,61,100,Spearow
23,Ekans,288,35,60,44,40,54,55,Ekans
24,Arbok,448,60,95,69,65,79,80,Ekans
25,Pikachu,320,35,55,40,50,50,90,Pikachu
26,Raichu,485,60,90,55,90,80,110,Pikachu
27,Sandshrew,300,50,75,85,20,30,40,Sandshrew
28,Sandslash,450,75,100,110,45,55,65,Sandshrew
29,Nidoran,275,55,47,52,40,40,41,Nidoran
30,Nidorina,365,70,62,67,55,55,56,Nidoran
31,Nidoqueen,505,90,92,87,75,85,76,Nidoran
32,Nidoran,273,46,57,40,40,40,50,Nidoran
33,Nidorino,365,61,72,57,55,55,65,Nidoran
34,Nidoking,505,81,102,77,85,75,85,Nidoran
35,Clefairy,323,70,45,48,60,65,35,Clefairy
36,Clefable,483,95,70,73,95,90,60,Clefairy
37,Vulpix,299,38,41,40,50,65,65,Vulpix
38,Ninetales,505,73,76,75,81,100,100,Vulpix
39,Jigglypuff,270,115,45,20,45,25,20,Jigglypuff
40,Wigglytuff,435,140,70,45,85,50,45,Jigglypuff
41,Zubat,245,40,45,35,30,40,55,Zubat
42,Golbat,455,75,80,70,65,75,90,Zubat
43,Oddish,320,45,50,55,75,65,30,Oddish
44,Gloom,395,60,65,70,85,75,40,Oddish
45,Vileplume,490,75,80,85,110,90,50,Oddish
46,Paras,285,35,70,55,45,55,25,Paras
47,Parasect,405,60,95,80,60,80,30,Paras
48,Venonat,305,60,55,50,40,55,45,Venonat
49,Venomoth,450,70,65,60,90,75,90,Venonat
50,Diglett,265,10,55,25,35,45,95,Diglett
51,Dugtrio,425,35,100,50,50,70,120,Diglett
52,Meowth,290,40,45,35,40,40,90,Meowth
53,Persian,440,65,70,60,65,65,115,Meowth
54,Psyduck,320,50,52,48,65,50,55,Psyduck
55,Golduck,500,80,82,78,95,80,85,Psyduck
56,Mankey,305,40,80,35,35,45,70,Mankey
57,Primeape,455,65,105,60,60,70,95,Mankey
58,Growlithe,350,55,70,45,70,50,60,Growlithe
59,Arcanine,555,90,110,80,100,80,95,Growlithe
60,Poliwag,300,40,50,40,40,40,90,Poliwag
61,Poliwhirl,385,65,65,65,50,50,90,Poliwag
62,Poliwrath,510,90,95,95,70,90,70,Poliwag
63,Abra,310,25,20,15,105,55,90,Abra
64,Kadabra,400,40,35,30,120,70,105,Abra
65,Alakazam,500,55,50,45,135,95,120,Abra
66,Machop,305,70,80,50,35,35,35,Machop
67,Machoke,405,80,100,70,50,60,45,Machop
68,Machamp,505,90,130,80,65,85,55,Machop
69,Bellsprout,300,50,75,35,70,30,40,Bellsprout
70,Weepinbell,390,65,90,50,85,45,55,Bellsprout
71,Victreebel,490,80,105,65,100,70,70,Bellsprout
72,Tentacool,335,40,40,35,50,100,70,Tentacool
73,Tentacruel,515,80,70,65,80,120,100,Tentacool
74,Geodude,300,40,80,100,30,30,20,Geodude
75,Graveler,390,55,95,115,45,45,35,Geodude
76,Golem,495,80,120,130,55,65,45,Geodude
77,Ponyta,410,50,85,55,65,65,90,Ponyta
78,Rapidash,500,65,100,70,80,80,105,Ponyta
79,Slowpoke,315,90,65,65,40,40,15,Slowpoke
80,Slowbro,490,95,75,110,100,80,30,Slowpoke
81,Magnemite,325,25,35,70,95,55,45,Magnemite
82,Magneton,465,50,60,95,120,70,70,Magnemite
83,Farfetch'd,377,52,90,55,58,62,60,Farfetch'd
84,Doduo,310,35,85,45,35,35,75,Doduo
85,Dodrio,470,60,110,70,60,60,110,Doduo
86,Seel,325,65,45,55,45,70,45,Seel
87,Dewgong,475,90,70,80,70,95,70,Seel
88,Grimer,325,80,80,50,40,50,25,Grimer
89,Muk,500,105,105,75,65,100,50,Grimer
90,Shellder,305,30,65,100,45,25,40,Shellder
91,Cloyster,525,50,95,180,85,45,70,Shellder
92,Gastly,310,30,35,30,100,35,80,Gastly
93,Haunter,405,45,50,45,115,55,95,Gastly
94,Gengar,500,60,65,60,130,75,110,Gastly
95,Onix,385,35,45,160,30,45,70,Onix
96,Drowzee,328,60,48,45,43,90,42,Drowzee
97,Hypno,483,85,73,70,73,115,67,Drowzee
98,Krabby,325,30,105,90,25,25,50,Krabby
99,Kingler,475,55,130,115,50,50,75,Krabby
100,Voltorb,330,40,30,50,55,55,100,Voltorb
101,Electrode,490,60,50,70,80,80,150,Voltorb
102,Exeggcute,325,60,40,80,60,45,40,Exeggcute
103,Exeggutor,530,95,95,85,125,75,55,Exeggcute
104,Cubone,320,50,50,95,40,50,35,Cubone
105,Marowak,425,60,80,110,50,80,45,Cubone
106,Hitmonlee,455,50,120,53,35,110,87,Hitmon
107,Hitmonchan,455,50,105,79,35,110,76,Hitmon
108,Lickitung,385,90,55,75,60,75,30,Lickitung
109,Koffing,340,40,65,95,60,45,35,Koffing
110,Weezing,490,65,90,120,85,70,60,Koffing
111,Rhyhorn,345,80,85,95,30,30,25,Rhyhorn
112,Rhydon,485,105,130,120,45,45,40,Rhyhorn
113,Chansey,450,250,5,5,35,105,50,Chansey
114,Tangela,435,65,55,115,100,40,60,Tangela
115,Kangaskhan,490,105,95,80,40,80,90,Kangaskhan
116,Horsea,295,30,40,70,70,25,60,Horsea
117,Seadra,440,55,65,95,95,45,85,Horsea
118,Goldeen,320,45,67,60,35,50,63,Goldeen
119,Seaking,450,80,92,65,65,80,68,Goldeen
120,Staryu,340,30,45,55,70,55,85,Staryu
121,Starmie,520,60,75,85,100,85,115,Staryu
122,Mr. Mime,460,40,45,65,100,120,90,Mr. Mime
123,Scyther,500,70,110,80,55,80,105,Scyther
124,Jynx,455,65,50,35,115,95,95,Jynx
125,Electabuzz,490,65,83,57,95,85,105,Electabuzz
126,Magmar,495,65,95,57,100,85,93,Magmar
127,Pinsir,500,65,125,100,55,70,85,Pinsir
128,Tauros,490,75,100,95,40,70,110,Tauros
129,Magikarp,200,20,10,55,15,20,80,Magikarp
130,Gyarados,540,95,125,79,60,100,81,Magikarp
131,Lapras,535,130,85,80,85,95,60,Lapras
132,Ditto,288,48,48,48,48,48,48,Ditto
133,Eevee,325,55,55,50,45,65,55,Eevee
134,Vaporeon,525,130,65,60,110,95,65,Eevee
135,Jolteon,525,65,65,60,110,95,130,Eevee
136,Flareon,525,65,130,60,95,110,65,Eevee
137,Porygon,395,65,60,70,85,75,40,Porygon
138,Omanyte,355,35,40,100,90,55,35,Omanyte
139,Omastar,495,70,60,125,115,70,55,Omanyte
140,Kabuto,355,30,80,90,55,45,55,Kabuto
141,Kabutops,495,60,115,105,65,70,80,Kabuto
142,Aerodactyl,515,80,105,65,60,75,130,Aerodactyl
143,Snorlax,540,160,110,65,65,110,30,Snorlax
144,Articuno,580,90,85,100,95,125,85,Articuno
145,Zapdos,580,90,90,85,125,90,100,Zapdos
146,Moltres,580,90,100,90,125,85,90,Moltres
147,Dratini,300,41,64,45,50,50,50,Dratini
148,Dragonair,420,61,84,65,70,70,70,Dratini
149,Dragonite,600,91,134,95,100,100,80,Dratini
150,Mewtwo,680,106,110,90,154,90,130,Mewtwo
151,Mew,600,100,100,100,100,100,100,Mew
152,Chikorita,318,45,49,65,49,65,45,Chikorita
153,Bayleef,405,60,62,80,63,80,60,Chikorita
154,Meganium,525,80,82,100,83,100,80,Chikorita
155,Cyndaquil,309,39,52,43,60,50,65,Cyndaquil
156,Quilava,405,58,64,58,80,65,80,Cyndaquil
157,Typhlosion,534,78,84,78,109,85,100,Cyndaquil
158,Totodile,314,50,65,64,44,48,43,Totodile
159,Croconaw,405,65,80,80,59,63,58,Totodile
160,Feraligatr,530,85,105,100,79,83,78,Totodile
161,Sentret,215,35,46,34,35,45,20,Sentret
162,Furret,415,85,76,64,45,55,90,Sentret
163,Hoothoot,262,60,30,30,36,56,50,Hoothoot
164,Noctowl,452,100,50,50,86,96,70,Hoothoot
165,Ledyba,265,40,20,30,40,80,55,Ledyba
166,Ledian,390,55,35,50,55,110,85,Ledyba
167,Spinarak,250,40,60,40,40,40,30,Spinarak
168,Ariados,400,70,90,70,60,70,40,Spinarak
169,Crobat,535,85,90,80,70,80,130,Zubat
170,Chinchou,330,75,38,38,56,56,67,Chinchou
171,Lanturn,460,125,58,58,76,76,67,Chinchou
172,Pichu,205,20,40,15,35,35,60,Pikachu
173,Cleffa,218,50,25,28,45,55,15,Clefairy
174,Igglybuff,210,90,30,15,40,20,15,Jigglypuff
175,Togepi,245,35,20,65,40,65,20,Togepi
176,Togetic,405,55,40,85,80,105,40,Togepi
177,Natu,320,40,50,45,70,45,70,Natu
178,Xatu,470,65,75,70,95,70,95,Natu
179,Mareep,280,55,40,40,65,45,35,Mareep
180,Flaaffy,365,70,55,55,80,60,45,Mareep
181,Ampharos,510,90,75,85,115,90,55,Mareep
182,Bellossom,490,75,80,95,90,100,50,Oddish
183,Marill,250,70,20,50,20,50,40,Marill
184,Azumarill,420,100,50,80,60,80,50,Marill
185,Sudowoodo,410,70,100,115,30,65,30,Sudowoodo
186,Politoed,500,90,75,75,90,100,70,Poliwag
187,Hoppip,250,35,35,40,35,55,50,Hoppop
188,Skiploom,340,55,45,50,45,65,80,Hoppip
189,Jumpluff,460,75,55,70,55,95,110,Hoppop
190,Aipom,360,55,70,55,40,55,85,Aipom
191,Sunkern,180,30,30,30,30,30,30,Sunkern
192,Sunflora,425,75,75,55,105,85,30,Sunkern
193,Yanma,390,65,65,45,75,45,95,Yanma
194,Wooper,210,55,45,45,25,25,15,Wooper
195,Quagsire,430,95,85,85,65,65,35,Wooper
196,Espeon,525,65,65,60,130,95,110,Eevee
197,Umbreon,525,95,65,110,60,130,65,Eevee
198,Murkrow,405,60,85,42,85,42,91,Murkrow
199,Slowking,490,95,75,80,100,110,30,Slowpoke
200,Misdreavus,435,60,60,60,85,85,85,Misdreavus
201,Unown,336,48,72,48,72,48,48,Unown
202,Wobbuffet,405,190,33,58,33,58,33,Wobbuffet
203,Girafarig,455,70,80,65,90,65,85,Girafarig
204,Pineco,290,50,65,90,35,35,15,Pineco
205,Forretress,465,75,90,140,60,60,40,Pineco
206,Dunsparce,415,100,70,70,65,65,45,Dunsparce
207,Gligar,430,65,75,105,35,65,85,Gligar
208,Steelix,510,75,85,200,55,65,30,Onix
209,Snubbull,300,60,80,50,40,40,30,Snubbull
210,Granbull,450,90,120,75,60,60,45,Snubbull
211,Qwilfish,440,65,95,85,55,55,85,Swilfish
212,Scizor,500,70,130,100,55,80,65,Scyther
213,Shuckle,505,20,10,230,10,230,5,Shuckle
214,Heracross,500,80,125,75,40,95,85,Heracross
215,Sneasel,430,55,95,55,35,75,115,Sneasel
216,Teddiursa,330,60,80,50,50,50,40,Teddiursa
217,Ursaring,500,90,130,75,75,75,55,Teddiursa
218,Slugma,250,40,40,40,70,40,20,Slugma
219,Magcargo,430,60,50,120,90,80,30,Slugma
220,Swinub,250,50,50,40,30,30,50,Swinub
221,Piloswine,450,100,100,80,60,60,50,Swinub
222,Corsola,410,65,55,95,65,95,35,Corsola
223,Remoraid,300,35,65,35,65,35,65,Remoraid
224,Octillery,480,75,105,75,105,75,45,Remoraid
225,Delibird,330,45,55,45,65,45,75,Delibird
226,Mantine,485,85,40,70,80,140,70,Mantine
227,Skarmory,465,65,80,140,40,70,70,Skarmory
228,Houndour,330,45,60,30,80,50,65,Houndour
229,Houndoom,500,75,90,50,110,80,95,Houndour
230,Kingdra,540,75,95,95,95,95,85,Horsea
231,Phanpy,330,90,60,60,40,40,40,Phanpy
232,Donphan,500,90,120,120,60,60,50,Phanpy
233,Porygon2,515,85,80,90,105,95,60,Porygon
234,Stantler,465,73,95,62,85,65,85,Stantler
235,Smeargle,250,55,20,35,20,45,75,Smeargle
236,Tyrogue,210,35,35,35,35,35,35,Hitmon
237,Hitmontop,455,50,95,95,35,110,70,Hitmon
238,Smoochum,305,45,30,15,85,65,65,Jynx
239,Elekid,360,45,63,37,65,55,95,Electabuzz
240,Magby,365,45,75,37,70,55,83,Magmar
241,Miltank,490,95,80,105,40,70,100,Miltank
242,Blissey,540,255,10,10,75,135,55,Chansey
243,Raikou,580,90,85,75,115,100,115,Raikou
244,Entei,580,115,115,85,90,75,100,Entei
245,Suicune,580,100,75,115,90,115,85,Suicune
246,Larvitar,300,50,64,50,45,50,41,Larvitar
247,Pupitar,410,70,84,70,65,70,51,Larvitar
248,Tyranitar,600,100,134,110,95,100,61,Larvitar
249,Lugia,680,106,90,130,90,154,110,Lugia
250,Ho-oh,680,106,130,90,110,154,90,Ho-oh
251,Celebi,600,100,100,100,100,100,100,Celebi
252,Treecko,310,40,45,35,65,55,70,Treecko
253,Grovyle,405,50,65,45,85,65,95,Treecko
254,Sceptile,530,70,85,65,105,85,120,Treecko
255,Torchic,310,45,60,40,70,50,45,Torchic
256,Combusken,405,60,85,60,85,60,55,Torchic
257,Blaziken,530,80,120,70,110,70,80,Torchic
258,Mudkip,310,50,70,50,50,50,40,Mudkip
259,Marshtomp,405,70,85,70,60,70,50,Mudkio
260,Swampert,535,100,110,90,85,90,60,Mudkio
261,Poochyena,220,35,55,35,30,30,35,Poochyena
262,Mightyena,420,70,90,70,60,60,70,Poochyena
263,Zigzagoon,240,38,30,41,30,41,60,Zigzagoon
264,Linoone,420,78,70,61,50,61,100,Zigzagoon
265,Wurmple,195,45,45,35,20,30,20,Wurmple
266,Silcoon,205,50,35,55,25,25,15,Wurmple
267,Beautifly,395,60,70,50,100,50,65,Wurmple
268,Cascoon,205,50,35,55,25,25,15,Wurmple
269,Dustox,385,60,50,70,50,90,65,Wurmple
270,Lotad,220,40,30,30,40,50,30,Lotad
271,Lombre,340,60,50,50,60,70,50,Lotad
272,Ludicolo,480,80,70,70,90,100,70,Lotad
273,Seedot,220,40,40,50,30,30,30,Seedot
274,Nuzleaf,340,70,70,40,60,40,60,Seedot
275,Shiftry,480,90,100,60,90,60,80,Seedot
276,Taillow,270,40,55,30,30,30,85,Taillow
277,Swellow,455,60,85,60,75,50,125,Taillow
278,Wingull,270,40,30,30,55,30,85,Wingull
279,Pelipper,440,60,50,100,95,70,65,Wingull
280,Ralts,198,28,25,25,45,35,40,Ralts
281,Kirlia,278,38,35,35,65,55,50,Ralts
282,Gardevoir,518,68,65,65,125,115,80,Ralts
283,Surskit,269,40,30,32,50,52,65,Surskit
284,Masquerain,454,70,60,62,100,82,80,Surskit
285,Shroomish,295,60,40,60,40,60,35,Shroomish
286,Breloom,460,60,130,80,60,60,70,Shroomish
287,Slakoth,280,60,60,60,35,35,30,Slakoth
288,Vigoroth,440,80,80,80,55,55,90,Slakoth
289,Slaking,670,150,160,100,95,65,100,Slakoth
290,Nincada,266,31,45,90,30,30,40,Nincada
291,Ninjask,456,61,90,45,50,50,160,Nincada
292,Shedinja,236,1,90,45,30,30,40,Nincada
293,Whismur,240,64,51,23,51,23,28,Whismur
294,Loudred,360,84,71,43,71,43,48,Whismur
295,Exploud,490,104,91,63,91,73,68,Whismur
296,Makuhita,237,72,60,30,20,30,25,Makuhita
297,Hariyama,474,144,120,60,40,60,50,Makuhita
298,Azurill,190,50,20,40,20,40,20,Marill
299,Nosepass,375,30,45,135,45,90,30,Nosepass
300,Skitty,260,50,45,45,35,35,50,Skitty
301,Delcatty,400,70,65,65,55,55,90,Skitty
302,Sableye,380,50,75,75,65,65,50,Sableye
303,Mawile,380,50,85,85,55,55,50,Mawile
304,Aron,330,50,70,100,40,40,30,Aron
305,Lairon,430,60,90,140,50,50,40,Aron
306,Aggron,530,70,110,180,60,60,50,Aron
307,Meditite,280,30,40,55,40,55,60,Meditite
308,Medicham,410,60,60,75,60,75,80,Meditite
309,Electrike,295,40,45,40,65,40,65,Electrike
310,Manectric,475,70,75,60,105,60,105,Electrike
311,Plusle,405,60,50,40,85,75,95,Plusle
312,Minun,405,60,40,50,75,85,95,Minun
313,Volbeat,430,65,73,75,47,85,85,Volbeat
314,Illumise,430,65,47,75,73,85,85,Illumise
315,Roselia,400,50,60,45,100,80,65,Roselia
316,Gulpin,302,70,43,53,43,53,40,Gulpin
317,Swalot,467,100,73,83,73,83,55,Gulpin
318,Carvanha,305,45,90,20,65,20,65,Carvanha
319,Sharpedo,460,70,120,40,95,40,95,Carvanha
320,Wailmer,400,130,70,35,70,35,60,Wailmer
321,Wailord,500,170,90,45,90,45,60,Wailmer
322,Numel,305,60,60,40,65,45,35,Numel
323,Camerupt,460,70,100,70,105,75,40,Numel
324,Torkoal,470,70,85,140,85,70,20,Torkoal
325,Spoink,330,60,25,35,70,80,60,Spoink
326,Grumpig,470,80,45,65,90,110,80,Spoink
327,Spinda,360,60,60,60,60,60,60,Spinda
328,Trapinch,290,45,100,45,45,45,10,Trapinch
329,Vibrava,340,50,70,50,50,50,70,Trapinch
330,Flygon,520,80,100,80,80,80,100,Trapinch
331,Cacnea,335,50,85,40,85,40,35,Cacnea
332,Cacturne,475,70,115,60,115,60,55,Cacnea
333,Swablu,310,45,40,60,40,75,50,Swablu
334,Altaria,490,75,70,90,70,105,80,Swablu
335,Zangoose,458,73,115,60,60,60,90,Zangoose
336,Seviper,458,73,100,60,100,60,65,Seviper
337,Lunatone,460,90,55,65,95,85,70,Lunatone
338,Solrock,460,90,95,85,55,65,70,Solrock
339,Barboach,288,50,48,43,46,41,60,Barboach
340,Whiscash,468,110,78,73,76,71,60,Barboach
341,Corphish,308,43,80,65,50,35,35,Corphish
342,Crawdaunt,468,63,120,85,90,55,55,Corphish
343,Baltoy,300,40,40,55,40,70,55,Baltoy
344,Claydol,500,60,70,105,70,120,75,Baltoy
345,Lileep,355,66,41,77,61,87,23,Lileep
346,Cradily,495,86,81,97,81,107,43,Lileep
347,Anorith,355,45,95,50,40,50,75,Anorith
348,Armaldo,495,75,125,100,70,80,45,Anorith
349,Feebas,200,20,15,20,10,55,80,Feebas
350,Milotic,540,95,60,79,100,125,81,Feebas
351,Castform,420,70,70,70,70,70,70,Castform
352,Kecleon,440,60,90,70,60,120,40,Kecleon
353,Shuppet,295,44,75,35,63,33,45,Shuppet
354,Banette,455,64,115,65,83,63,65,Shuppet
355,Duskull,295,20,40,90,30,90,25,Duskull
356,Dusclops,455,40,70,130,60,130,25,Duskull
357,Tropius,460,99,68,83,72,87,51,Tropius
358,Chimecho,455,75,50,80,95,90,65,Chimecho
359,Absol,465,65,130,60,75,60,75,Absol
360,Wynaut,260,95,23,48,23,48,23,Wobbuffet
361,Snorunt,300,50,50,50,50,50,50,Snorunt
362,Glalie,480,80,80,80,80,80,80,Snorunt
363,Spheal,290,70,40,50,55,50,25,Spheal
364,Sealeo,410,90,60,70,75,70,45,Spheal
365,Walrein,530,110,80,90,95,90,65,Spheal
366,Clamperl,345,35,64,85,74,55,32,Clamperl
367,Huntail,485,55,104,105,94,75,52,Clamperl
368,Gorebyss,485,55,84,105,114,75,52,Clamperl
369,Relicanth,485,100,90,130,45,65,55,Relicanth
370,Luvdisc,330,43,30,55,40,65,97,Luvdisc
371,Bagon,300,45,75,60,40,30,50,Bagon
372,Shelgon,420,65,95,100,60,50,50,Bagon
373,Salamence,600,95,135,80,110,80,100,Bagon
374,Beldum,300,40,55,80,35,60,30,Beldum
375,Metang,420,60,75,100,55,80,50,Beldum
376,Metagross,600,80,135,130,95,90,70,Beldum
377,Regirock,580,80,100,200,50,100,50,Regirock
378,Regice,580,80,50,100,100,200,50,Regice
379,Registeel,580,80,75,150,75,150,50,Registeel
380,Latias,600,80,80,90,110,130,110,Latias
381,Latios,600,80,90,80,130,110,110,Latios
382,Kyogre,670,100,100,90,150,140,90,Kyogre
383,Groudon,670,100,150,140,100,90,90,Groudon
384,Rayquaza,680,105,150,90,150,90,95,Rayquaza
385,Jirachi,600,100,100,100,100,100,100,Jirachi
386,Deoxys,600,50,150,50,150,50,150,Deoxys
387,Turtwig,318,55,68,64,45,55,31,Turtwig
388,Grotle,405,75,89,85,55,65,36,Turtwig
389,Torterra,525,95,109,105,75,85,56,Turtwig
390,Chimchar,309,44,58,44,58,44,61,Chimchar
391,Monferno,405,64,78,52,78,52,81,Chimchar
392,Infernape,534,76,104,71,104,71,108,Chimchar
393,Piplup,314,53,51,53,61,56,40,Piplup
394,Prinplup,405,64,66,68,81,76,50,Piplup
395,Empoleon,530,84,86,88,111,101,60,Piplup
396,Starly,245,40,55,30,30,30,60,Starly
397,Staravia,340,55,75,50,40,40,80,Starly
398,Staraptor,485,85,120,70,50,60,100,Starly
399,Bidoof,250,59,45,40,35,40,31,Bidoof
400,Bibarel,410,79,85,60,55,60,71,Bidoof
401,Kricketot,194,37,25,41,25,41,25,Kricketot
402,Kricketune,384,77,85,51,55,51,65,Kricketot
403,Shinx,263,45,65,34,40,34,45,Shinx
404,Luxio,363,60,85,49,60,49,60,Shinx
405,Luxray,523,80,120,79,95,79,70,Shinx
406,Budew,280,40,30,35,50,70,55,Roselia
407,Roserade,515,60,70,65,125,105,90,Roselia
408,Cranidos,350,67,125,40,30,30,58,Cranidos
409,Rampardos,495,97,165,60,65,50,58,Cranidos
410,Shieldon,350,30,42,118,42,88,30,Shieldon
411,Bastiodon,495,60,52,168,47,138,30,Shieldon
412,Burmy,224,40,29,45,29,45,36,Burmy
413,Wormadam,424,60,59,85,79,105,36,Burmy
414,Mothim,424,70,94,50,94,50,66,Burmy
415,Combee,244,30,30,42,30,42,70,Combee
416,Vespiquen,474,70,80,102,80,102,40,Combee
417,Pachirisu,405,60,45,70,45,90,95,Pachirisu
418,Buizel,330,55,65,35,60,30,85,Buizel
419,Floatzel,495,85,105,55,85,50,115,Buizel
420,Cherubi,275,45,35,45,62,53,35,Cherubi
421,Cherrim,450,70,60,70,87,78,85,Cherubi
422,Shellos,325,76,48,48,57,62,34,Shellos
423,Gastrodon,475,111,83,68,92,82,39,Shellos
424,Ambipom,482,75,100,66,60,66,115,Aipom
425,Drifloon,348,90,50,34,60,44,70,Drifloon
426,Drifblim,498,150,80,44,90,54,80,Drifloon
427,Buneary,350,55,66,44,44,56,85,Buneary
428,Lopunny,480,65,76,84,54,96,105,Buneary
429,Mismagius,495,60,60,60,105,105,105,Misdreavus
430,Honchkrow,505,100,125,52,105,52,71,Murkrow
431,Glameow,310,49,55,42,42,37,85,Glameow
432,Purugly,452,71,82,64,64,59,112,Glameow
433,Chingling,285,45,30,50,65,50,45,Chimecho
434,Stunky,329,63,63,47,41,41,74,Stunky
435,Skuntank,479,103,93,67,71,61,84,Stunky
436,Bronzor,300,57,24,86,24,86,23,Bronzor
437,Bronzong,500,67,89,116,79,116,33,Bronzor
438,Bonsly,290,50,80,95,10,45,10,Sudowoodo
439,Mime Jr.,310,20,25,45,70,90,60,Mr. Mime
440,Happiny,220,100,5,5,15,65,30,Chansey
441,Chatot,411,76,65,45,92,42,91,Chatot
442,Spiritomb,485,50,92,108,92,108,35,Spiritomb
443,Gible,300,58,70,45,40,45,42,Gible
444,Gabite,410,68,90,65,50,55,82,Gible
445,Garchomp,600,108,130,95,80,85,102,Gible
446,Munchlax,390,135,85,40,40,85,5,Snorlax
447,Riolu,285,40,70,40,35,40,60,Riolu
448,Lucario,525,70,110,70,115,70,90,Riolu
449,Hippopotas,330,68,72,78,38,42,32,Hippopotas
450,Hippowdon,525,108,112,118,68,72,47,Hippopotas
451,Skorupi,330,40,50,90,30,55,65,Skorupi
452,Drapion,500,70,90,110,60,75,95,Skorupi
453,Croagunk,300,48,61,40,61,40,50,Croagunk
454,Toxicroak,490,83,106,65,86,65,85,Coagunk
455,Carnivine,454,74,100,72,90,72,46,Carnivine
456,Finneon,330,49,49,56,49,61,66,Finneon
457,Lumineon,460,69,69,76,69,86,91,Finneon
458,Mantyke,345,45,20,50,60,120,50,Mantine
459,Snover,334,60,62,50,62,60,40,Snover
460,Abomasnow,494,90,92,75,92,85,60,Snover
461,Weavile,510,70,120,65,45,85,125,Sneasel
462,Magnezone,535,70,70,115,130,90,60,Magnemite
463,Lickilicky,515,110,85,95,80,95,50,Lickitung
464,Rhyperior,535,115,140,130,55,55,40,Rhyhorn
465,Tangrowth,535,100,100,125,110,50,50,Tangela
466,Electivire,540,75,123,67,95,85,95,Electabuzz
467,Magmortar,540,75,95,67,125,95,83,Magmar
468,Togekiss,545,85,50,95,120,115,80,Togepi
469,Yanmega,515,86,76,86,116,56,95,Yanma
470,Leafeon,525,65,110,130,60,65,95,Eevee
471,Glaceon,525,65,60,110,130,95,65,Eevee
472,Gliscor,510,75,95,125,45,75,95,Gligar
473,Mamoswine,530,110,130,80,70,60,80,Swinub
474,Porygon-Z,535,85,80,70,135,75,90,Porygon
475,Gallade,518,68,125,65,65,115,80,Ralts
476,Probopass,525,60,55,145,75,150,40,Nosepass
477,Dusknoir,525,45,100,135,65,135,45,Duskull
478,Froslass,480,70,80,70,80,70,110,Snorunt
479,Rotom,440,50,50,77,95,77,91,Rotom
480,Uxie,580,75,75,130,75,130,95,Uxie
481,Mesprit,580,80,105,105,105,105,80,Mesprit
482,Azelf,580,75,125,70,125,70,115,Azelf
483,Dialga,680,100,120,120,150,100,90,Dialga
484,Palkia,680,90,120,100,150,120,100,Palkia
485,Heatran,600,91,90,106,130,106,77,Heatran
486,Regigigas,670,110,160,110,80,110,100,Regigigas
487,Giratina,680,150,120,100,120,100,90,Giratina
488,Cresselia,600,120,70,120,75,130,85,Cresselia
489,Phione,480,80,80,80,80,80,80,Manaphy
490,Manaphy,600,100,100,100,100,100,100,Manaphy
491,Darkrai,600,70,90,90,135,90,125,Darkrai
492,Shaymin,600,100,100,100,100,100,100,Shaymin
493,Arceus,720,120,120,120,120,120,120,Arceus
494,Victini,600,100,100,100,100,100,100,Victini
495,Snivy,308,45,45,55,45,55,63,Snivy
496,Servine,413,60,60,75,60,75,83,Snivy
497,Serperior,528,75,75,95,75,95,113,Snivy
498,Tepig,308,65,63,45,45,45,45,Tepig
499,Pignite,418,90,93,55,70,55,55,Tepig
500,Emboar,528,110,123,65,100,65,65,Tepig
501,Oshawott,308,55,55,45,63,45,45,Oshawott
502,Dewott,413,75,75,60,83,60,60,Oshawott
503,Samurott,528,95,100,85,108,70,70,Oshawott
504,Patrat,255,45,55,39,35,39,42,Patrat
505,Watchog,420,60,85,69,60,69,77,Patrat
506,Lillipup,275,45,60,45,25,45,55,Lillipup
507,Herdier,370,65,80,65,35,65,60,Lillipup
508,Stoutland,500,85,110,90,45,90,80,Lillipup
509,Purrloin,281,41,50,37,50,37,66,Purrloin
510,Liepard,446,64,88,50,88,50,106,Purrloin
511,Pansage,316,50,53,48,53,48,64,Pansage
512,Simisage,498,75,98,63,98,63,101,Pansage
513,Pansear,316,50,53,48,53,48,64,Pansear
514,Simisear,498,75,98,63,98,63,101,Pansear
515,Panpour,316,50,53,48,53,48,64,Panpour
516,Simipour,498,75,98,63,98,63,101,Panpour
517,Munna,292,76,25,45,67,55,24,Munna
518,Musharna,487,116,55,85,107,95,29,Munna
519,Pidove,264,50,55,50,36,30,43,Pidove
520,Tranquill,358,62,77,62,50,42,65,Pidove
521,Unfezant,488,80,115,80,65,55,93,Pidove
522,Blitzle,295,45,60,32,50,32,76,Blitzle
523,Zebstrika,497,75,100,63,80,63,116,Blitzle
524,Roggenrola,280,55,75,85,25,25,15,Roggenrola
525,Boldore,390,70,105,105,50,40,20,Roggenrola
526,Gigalith,515,85,135,130,60,80,25,Roggenrola
527,Woobat,323,65,45,43,55,43,72,Woobat
528,Swoobat,425,67,57,55,77,55,114,Woobat
529,Drilbur,328,60,85,40,30,45,68,Drilbur
530,Excadrill,508,110,135,60,50,65,88,Drilbur
531,Audino,445,103,60,86,60,86,50,Audino
532,Timburr,305,75,80,55,25,35,35,Timburr
533,Gurdurr,405,85,105,85,40,50,40,Timburr
534,Conkeldurr,505,105,140,95,55,65,45,Timburr
535,Tympole,294,50,50,40,50,40,64,Tympole
536,Palpitoad,384,75,65,55,65,55,69,Tympole
537,Seismitoad,509,105,95,75,85,75,74,Tymple
538,Throh,465,120,100,85,30,85,45,Throh
539,Sawk,465,75,125,75,30,75,85,Sawk
540,Sewaddle,310,45,53,70,40,60,42,Sewaddle
541,Swadloon,380,55,63,90,50,80,42,Sewaddle
542,Leavanny,500,75,103,80,70,80,92,Sewaddle
543,Venipede,260,30,45,59,30,39,57,Venipede
544,Whirlipede,360,40,55,99,40,79,47,Venipede
545,Scolipede,485,60,100,89,55,69,112,Venipede
546,Cottonee,280,40,27,60,37,50,66,Cottonee
547,Whimsicott,480,60,67,85,77,75,116,Cottonee
548,Petilil,280,45,35,50,70,50,30,Petilil
549,Lilligant,480,70,60,75,110,75,90,Petilil
550,Basculin,460,70,92,65,80,55,98,Basculin
551,Sandile,292,50,72,35,35,35,65,Sandile
552,Krokorok,351,60,82,45,45,45,74,Sandile
553,Krookodile,519,95,117,80,65,70,92,Sandile
554,Darumaka,315,70,90,45,15,45,50,Darumaka
555,Darmanitan,480,105,140,55,30,55,95,Darumaka
556,Maractus,461,75,86,67,106,67,60,Maractus
557,Dwebble,325,50,65,85,35,35,55,Dwebble
558,Crustle,485,70,105,125,65,75,45,Dwebble
559,Scraggy,348,50,75,70,35,70,48,Scraggy
560,Scrafty,488,65,90,115,45,115,58,Scraggy
561,Sigilyph,490,72,58,80,103,80,97,Sigilyph
562,Yamask,303,38,30,85,55,65,30,Yamask
563,Cofagrigus,483,58,50,145,95,105,30,Yamask
564,Tirtouga,355,54,78,103,53,45,22,Tirtouga
565,Carracosta,495,74,108,133,83,65,32,Tirtouga
566,Archen,401,55,112,45,74,45,70,Archen
567,Archeops,567,75,140,65,112,65,110,Archen
568,Trubbish,329,50,50,62,40,62,65,Trubbish
569,Garbodor,474,80,95,82,60,82,75,Trubbish
570,Zorua,330,40,65,40,80,40,65,Zorua
571,Zoroark,510,60,105,60,120,60,105,Zorua
572,Minccino,300,55,50,40,40,40,75,Minccino
573,Cinccino,470,75,95,60,65,60,115,Minccino
574,Gothita,290,45,30,50,55,65,45,Gothita
575,Gothorita,390,60,45,70,75,85,55,Gothita
576,Gothitelle,490,70,55,95,95,110,65,Gothita
577,Solosis,290,45,30,40,105,50,20,Solosis
578,Duosion,370,65,40,50,125,60,30,Solosis
579,Reuniclus,490,110,65,75,125,85,30,Solosis
580,Ducklett,305,62,44,50,44,50,55,Ducklett
581,Swanna,473,75,87,63,87,63,98,Ducklett
582,Vanillite,305,36,50,50,65,60,44,Vanillite
583,Vanillish,395,51,65,65,80,75,59,Vanillite
584,Vanilluxe,535,71,95,85,110,95,79,Vanillite
585,Deerling,335,60,60,50,40,50,75,Deerling
586,Sawsbuck,475,80,100,70,60,70,95,Deerling
587,Emolga,428,55,75,60,75,60,103,Emolga
588,Karrablast,315,50,75,45,40,45,60,Karrablast
589,Escavalier,495,70,135,105,60,105,20,Karrablast
590,Foongus,294,69,55,45,55,55,15,Foongus
591,Amoonguss,464,114,85,70,85,80,30,Foongus
592,Frillish,335,55,40,50,65,85,40,Frillish
593,Jellicent,480,100,60,70,85,105,60,Frillish
594,Alomomola,470,165,75,80,40,45,65,Alomomola
595,Joltik,319,50,47,50,57,50,65,Joltik
596,Galvantula,472,70,77,60,97,60,108,Joltik
597,Ferroseed,305,44,50,91,24,86,10,Ferroseed
598,Ferrothorn,489,74,94,131,54,116,20,Ferroseed
599,Klink,300,40,55,70,45,60,30,Klink
600,Klang,440,60,80,95,70,85,50,Klink
601,Klinklang,520,60,100,115,70,85,90,Klink
602,Tynamo,275,35,55,40,45,40,60,Tynamo
603,Eelektrik,405,65,85,70,75,70,40,Tynamo
604,Eelektross,515,85,115,80,105,80,50,Tynamo
605,Elgyem,335,55,55,55,85,55,30,Elgyem
606,Beheeyem,485,75,75,75,125,95,40,Elgyem
607,Litwick,275,50,30,55,65,55,20,Litwick
608,Lampent,370,60,40,60,95,60,55,Litwick
609,Chandelure,520,60,55,90,145,90,80,Litwick
610,Axew,320,46,87,60,30,40,57,Axew
611,Fraxure,410,66,117,70,40,50,67,Axew
612,Haxorus,540,76,147,90,60,70,97,Axew
613,Cubchoo,305,55,70,40,60,40,40,Cubchoo
614,Beartic,505,95,130,80,70,80,50,Cubchoo
615,Cryogonal,515,80,50,50,95,135,105,Cryogonal
616,Shelmet,305,50,40,85,40,65,25,Shelmet
617,Accelgor,495,80,70,40,100,60,145,Shelmet
618,Stunfisk,471,109,66,84,81,99,32,Stunfisk
619,Mienfoo,350,45,85,50,55,50,65,Mienfoo
620,Mienshao,510,65,125,60,95,60,105,Mienfoo
621,Druddigon,485,77,120,90,60,90,48,Druddigon
622,Golett,303,59,74,50,35,50,35,Golett
623,Golurk,483,89,124,80,55,80,55,Golett
624,Pawniard,340,45,85,70,40,40,60,Pawniard
625,Bisharp,490,65,125,100,60,70,70,Pawniard
626,Bouffalant,490,95,110,95,40,95,55,Bouffalant
627,Rufflet,350,70,83,50,37,50,60,Rufflet
628,Braviary,510,100,123,75,57,75,80,Rufflet
629,Vullaby,370,70,55,75,45,65,60,Vullaby
630,Mandibuzz,510,110,65,105,55,95,80,Vullaby
631,Heatmor,484,85,97,66,105,66,65,Heatmor
632,Durant,484,58,109,112,48,48,109,Durant
633,Deino,300,52,65,50,45,50,38,Deino
634,Zweilous,420,72,85,70,65,70,58,Deino
635,Hydreigon,600,92,105,90,125,90,98,Deino
636,Larvesta,360,55,85,55,50,55,60,Larvesta
637,Volcarona,550,85,60,65,135,105,100,Larvesta
638,Cobalion,580,91,90,129,90,72,108,Cobalion
639,Terrakion,580,91,129,90,72,90,108,Terrakion
640,Virizion,580,91,90,72,90,129,108,Virizion
641,Tornadus,580,79,115,70,125,80,111,Tornadus
642,Thundurus,580,79,115,70,125,80,111,Tornadus
643,Reshiram,680,100,120,100,150,120,90,Reshiram
644,Zekrom,680,100,150,120,120,100,90,Zekrom
645,Landorus,600,89,125,90,115,80,101,Landorus
646,Kyurem,660,125,130,90,130,90,95,Kyurem
647,Keldeo,580,91,72,90,129,90,108,Keldeo
648,Meloetta,600,100,77,77,128,128,90,Meloetta
649,Genesect,600,71,120,95,120,95,99,Genesect
650,Chespin,313,56,61,65,48,45,38,Chespin
651,Quilladin,405,61,78,95,56,58,57,Chespin
652,Chesnaught,530,88,107,122,74,75,64,Chespin
653,Fennekin,307,40,45,40,62,60,60,Fennekin
654,Braixen,409,59,59,58,90,70,73,Fennekin
655,Delphox,534,75,69,72,114,100,104,Fennekin
656,Froakie,314,41,56,40,62,44,71,Froakie
657,Frogadier,405,54,63,52,83,56,97,Froakie
658,Greninja,530,72,95,67,103,71,122,Froakie
659,Bunnelby,237,38,36,38,32,36,57,Bunnelby
660,Diggersby,423,85,56,77,50,77,78,Bunnelby
661,Fletchling,278,45,50,43,40,38,62,Fletchling
662,Fletchinder,382,62,73,55,56,52,84,Fletchling
663,Talonflame,499,78,81,71,74,69,126,Fletchling
664,Scatterbug,200,38,35,40,27,25,35,Scatterbug
665,Spewpa,213,45,22,60,27,30,29,Scatterbug
666,Vivillon,411,80,52,50,90,50,89,Scatterbug
667,Litleo,369,62,50,58,73,54,72,Litleo
668,Pyroar,507,86,68,72,109,66,106,Litleo
669,Flabebe,303,44,38,39,61,79,42,Flabebe
670,Floette,371,54,45,47,75,98,52,Flabebe
671,Florges,552,78,65,68,112,154,75,Flabebe
672,Skiddo,350,66,65,48,62,57,52,Skiddo
673,Gogoat,531,123,100,62,97,81,68,Skiddo
674,Pancham,348,67,82,62,46,48,43,Pancham
675,Pangoro,495,95,124,78,69,71,58,Pancham
676,Furfrou,472,75,80,60,65,90,102,Furfrou
677,Espurr,355,62,48,54,63,60,68,Espurr
678,Meowstic,466,74,48,76,83,81,104,Espurr
679,Honedge,325,45,80,100,35,37,28,Honedge
680,Doublade,448,59,110,150,45,49,35,Honedge
681,Aegislash,520,60,150,50,150,50,60,Honedge
682,Spritzee,341,78,52,60,63,65,23,Spritzee
683,Aromatisse,462,101,72,72,99,89,29,Spritzee
684,Swirlix,341,62,48,66,59,57,49,Swirlix
685,Slurpuff,480,82,80,86,85,75,72,Swirlix
686,Inkay,288,53,54,53,37,46,45,Inkay
687,Malamar,482,86,92,88,68,75,73,Inkay
688,Binacle,306,42,52,67,39,56,50,Binacle
689,Barbaracle,500,72,105,115,54,86,68,Binacle
690,Skrelp,320,50,60,60,60,60,30,Skrelp
691,Dragalge,494,65,75,90,97,123,44,Skrelp
692,Clauncher,330,50,53,62,58,63,44,Clauncher
693,Clawitzer,500,71,73,88,120,89,59,Clauncher
694,Helioptile,289,44,38,33,61,43,70,Helioptile
695,Heliolisk,481,62,55,52,109,94,109,Helioptile
696,Tyrunt,362,58,89,77,45,45,48,Tyrunt
697,Tyrantrum,521,82,121,119,69,59,71,Tyrunt
698,Amaura,362,77,59,50,67,63,46,Amaura
699,Aurorus,521,123,77,72,99,92,58,Amaura
700,Sylveon,525,95,65,65,110,130,60,Eevee
701,Hawlucha,500,78,92,75,74,63,118,Hawlucha
702,Dedenne,431,67,58,57,81,67,101,Dedenne
703,Carbink,500,50,50,150,50,150,50,Carbink
704,Goomy,300,45,50,35,55,75,40,Goomy
705,Sliggoo,452,68,75,53,83,113,60,Goomy
706,Goodra,600,90,100,70,110,150,80,Goomy
707,Klefki,470,57,80,91,80,87,75,Klefki
708,Phantump,309,43,70,48,50,60,38,Phantump
709,Trevenant,474,85,110,76,65,82,56,Phantump
710,Pumpkaboo,335,49,66,70,44,55,51,Pumpkaboo
711,Gourgeist,494,65,90,122,58,75,84,Pumpkaboo
712,Bergmite,304,55,69,85,32,35,28,Bergmite
713,Avalugg,514,95,117,184,44,46,28,Bergmite
714,Noibat,245,40,30,35,45,40,55,Noibat
715,Noivern,535,85,70,80,97,80,123,Noibat
716,Xerneas,680,126,131,95,131,98,99,Xerneas
717,Yveltal,680,126,131,95,131,98,99,Yveltal
718,Zygarde,708,216,100,121,91,95,85, Zygarde
719,Diancie,600,50,100,150,100,150,50,Diancie
720,Hoopa,600,80,110,60,150,130,70,Hoopa
721,Volcanion,600,80,110,120,130,90,70,Volcanion
722,Rowlet,320,68,55,55,50,50,42,Rowlet
723,Dartrix,420,78,75,75,70,70,52,Rowlet
724,Decidueye,530,78,107,75,100,100,70,Rowlet
725,Litten,320,45,65,40,60,40,70,Litten
726,Torracat,420,65,85,50,80,50,90,Litten
727,Incineroar,530,95,115,90,80,90,60,Litten
728,Popplio,320,50,54,54,66,56,40,Popplio
729,Brionne,420,60,69,69,91,81,50,Popplio
730,Primarina,530,80,74,74,126,116,60,Popplio
731,Pikipek,265,35,75,30,30,30,65,Pikipek
732,Trumbeak,355,55,85,50,40,50,75,Pikipek
733,Toucannon,485,80,120,75,75,75,60,Pikipek
734,Yungoos,253,48,70,30,30,30,45,Yungoos
735,Gumshoos,418,88,110,60,55,60,45,Yungoos
736,Grubbin,300,47,62,45,55,45,46,Grubbin
737,Charjabug,400,57,82,95,55,75,36,Grubbin
738,Vikavolt,500,77,70,90,145,75,43,Grubbin
739,Crabrawler,338,47,82,57,42,47,63,Crabrawler
740,Crabominable,478,97,132,77,62,67,43,Crabrawler
741,Oricorio,476,75,70,70,98,70,93, Oricorio
742,Cutiefly,304,40,45,40,55,40,84,Cutiefly
743,Ribombee,464,60,55,60,95,70,124,Cutiefly
744,Rockruff,280,45,65,40,30,40,60,Rockruff
745,Lycanroc,487,75,115,65,55,65,112,Rockruff
746,Wishiwashi,175,45,20,20,25,25,40,Wishiwashi
747,Mareanie,305,50,53,62,43,52,45,Mareanie
748,Toxapex,495,50,63,152,53,142,35,Mareanie
749,Mudbray,385,70,100,70,45,55,45,Mudbray
750,Mudsdale,500,100,125,100,55,85,35,Mudbray
751,Dewpider,269,38,40,52,40,72,27,Dewpider
752,Araquanid,454,68,70,92,50,132,42,Dewpider
753,Fomantis,250,40,55,35,50,35,35,Fomantis
754,Lurantis,480,70,105,90,80,90,45,Fomantis
755,Morelull,285,40,35,55,65,75,15,Morelull
756,Shiinotic,405,60,45,80,90,100,30,Morelull
757,Salandit,320,48,44,40,71,40,77,Salandit
758,Salazzle,480,68,64,60,111,60,117,Salandit
759,Stufful,340,70,75,50,45,50,50,Stufful
760,Bewear,500,120,125,80,55,60,60,Stufful
761,Bounsweet,210,42,30,38,30,38,32,Bounsweet
762,Steenee,290,52,40,48,40,48,62,Bounsweet
763,Tsareena,510,72,120,98,50,98,72,Bounsweet
764,Comfey,485,51,52,90,82,110,100,Comfey
765,Oranguru,490,90,60,80,90,110,60,Oranguru
766,Passimian,490,100,120,90,40,60,80,Passimian
767,Wimpod,230,25,35,40,20,30,80,Wimpod
768,Golisopod,530,75,125,140,60,90,40,Wimpod
769,Sandygast,320,55,55,80,70,45,15,Sandygast
770,Palossand,480,85,75,110,100,75,35,Sandygast
771,Pyukumuku,410,55,60,130,30,130,5,Pyukumuku
772,Type: Null,534,95,95,95,95,95,59,Type: Null
773,Silvally,570,95,95,95,95,95,95,Type: Null
774,Minior,440,60,60,100,60,100,60,Minior
775,Komala,480,65,115,65,75,95,65,Komala
776,Turtonator,485,60,78,135,91,85,36,Turtonator
777,Togedemaru,435,65,98,63,40,73,96,Togedemaru
778,Mimikyu,476,55,90,80,50,105,96,Mimikyu
779,Bruxish,475,68,105,70,70,70,92,Bruxish
780,Drampa,485,78,60,85,135,91,36,Drampa
781,Dhelmise,517,70,131,100,86,90,40,Dhelmise
782,Jangmo-o,300,45,55,65,45,45,45,Jangmo-o
783,Hakamo-o,420,55,75,90,65,70,65,Jangmo-o
784,Kommo-o,600,75,110,125,100,105,85,Jangmo-o
785,Tapu Koko,570,70,115,85,95,75,130,Tapu Koko
786,Tapu Lele,570,70,85,75,130,115,95,Tapu Lele
787,Tapu Bulu,570,70,130,115,85,95,75,Tapu Bulu
788,Tapu Fini,570,70,75,115,95,130,85,Tapu Fini
789,Cosmog,200,43,29,31,29,31,37,Cosmog
790,Cosmoem,400,43,29,131,29,131,37,Cosmog
791,Solgaleo,680,137,137,107,113,89,97,Cosmog
792,Lunala,680,137,113,89,137,107,97,Cosmog
793,Nihilego,570,109,53,47,127,131,103,Nihilego
794,Buzzwole,570,107,139,139,53,53,79,Buzzwole
795,Pheromosa,570,71,137,37,137,37,151,Pheromosa
796,Xurkitree,570,83,89,71,173,71,83,Xurkitree
797,Celesteela,570,97,101,103,107,101,61,Celesteela
798,Kartana,570,59,181,131,59,31,109,Kartana
799,Guzzlord,570,223,101,53,97,53,43,Guzzlord
800,Necrozma,600,97,107,101,127,89,79,Necrozma
801,Magearna,600,80,95,115,130,115,65,Magearna
802,Marshadow,600,90,125,80,90,90,125,Marshadow
803,Poipole,420,67,73,67,73,67,73,Poipole
804,Naganadel,540,73,73,73,127,73,121,Poipole
805,Stakataka,570,61,131,211,53,101,13,Stakataka
806,Blacephalon,570,53,127,53,151,79,107,Blacephalon
807,Zeraora,600,88,112,75,102,80,143,Zeraora
808,Meltan,300,46,65,65,55,35,34,Meltan
809,Melmetal,600,135,143,143,80,65,34,Meltan
810,Grookey,310,50,65,50,40,40,65,Grookey
811,Thwackey,420,70,85,70,55,60,80,Grookey
812,Rillaboom,530,100,125,90,60,70,85,Grookey
813,Scorbunny,310,50,71,40,40,40,69,Scorbunny
814,Raboot,420,65,86,60,55,60,94,Scorbunny
815,Cinderace,530,80,116,75,65,75,119,Scorbunny
816,Sobble,310,50,40,40,70,40,70,Sobble
817,Drizzile,420,65,60,55,95,55,90,Sobble
818,Inteleon,530,70,85,65,125,65,120,Sobble
819,Skwovet,275,70,55,55,35,35,25,Skwovet
820,Greedent,460,120,95,95,55,75,20,Skwovet
821,Rookidee,245,38,47,35,33,35,57,Rookidee
822,Corvisquire,365,68,67,55,43,55,77,Rookidee
823,Corviknight,495,98,87,105,53,85,67,Rookidee
824,Blipbug,180,25,20,20,25,45,45,Blipbug
825,Dottler,335,50,35,80,50,90,30,Blipbug
826,Orbeetle,505,60,45,110,80,120,90,Blipbug
827,Nickit,245,40,28,28,47,52,50,Nickit
828,Thievul,455,70,58,58,87,92,90,Nickit
829,Gossifleur,250,40,40,60,40,60,10,Gossifleur
830,Eldegoss,460,60,50,90,80,120,60,Gossifleur
831,Wooloo,270,42,40,55,40,45,48,Wooloo
832,Dubwool,490,72,80,100,60,90,88,Wooloo
833,Chewtle,284,50,64,50,38,38,44,Chewtle
834,Drednaw,485,90,115,90,48,68,74,Chewtle
835,Yamper,270,59,45,50,40,50,26,Yamper
836,Boltund,490,69,90,60,90,60,121,Yamper
837,Rolycoly,240,30,40,50,40,50,30,Rolycoly
838,Carkol,410,80,60,90,60,70,50,Rolycoly
839,Coalossal,510,110,80,120,80,90,30,Rolycoly
840,Applin,260,40,40,80,40,40,20,Applin
841,Flapple,485,70,110,80,95,60,70,Applin
842,Appletun,485,110,85,80,100,80,30,Applin
843,Silicobra,315,52,57,75,35,50,46,Silicobra
844,Sandaconda,510,72,107,125,65,70,71,Silicobra
845,Cramorant,475,70,85,55,85,95,85,Cramorant
846,Arrokuda,280,41,63,40,40,30,66,Arrokuda
847,Barraskewda,490,61,123,60,60,50,136,Arrokuda
848,Toxel,242,40,38,35,54,35,40,Toxel
849,Toxtricity,502,75,98,70,114,70,75,Toxel
850,Sizzlipede,305,50,65,45,50,50,45,Sizzlipede
851,Centiskorch,525,100,115,65,90,90,65,Sizzlipede
852,Clobbopus,310,50,68,60,50,50,32,Clobbopus
853,Grapploct,480,80,118,90,70,80,42,Clobbopus
854,Sinistea,308,40,45,45,74,54,50,Sinistea
855,Polteageist,508,60,65,65,134,114,70,Sinistea
856,Hatenna,265,42,30,45,56,53,39,Hatenna
857,Hattrem,370,57,40,65,86,73,49,Hatenna
858,Hatterene,510,57,90,95,136,103,29,Hatenna
859,Impidimp,265,45,45,30,55,40,50,Impidimp
860,Morgrem,370,65,60,45,75,55,70,Impidimp
861,Grimmsnarl,510,95,120,65,95,75,60,Impidimp
862,Obstagoon,520,93,90,101,60,81,95,Zigzagoon
863,Perrserker,440,70,110,100,50,60,50,Meowth
864,Cursola,510,60,95,50,145,130,30,Stantler
865,Sirfetch'd,507,62,135,95,68,82,65,Farfetch'd
866,Mr. Rime,520,80,85,75,110,100,70,Mr. Mime
867,Runerigus,483,58,95,145,50,105,30,Yamask
868,Milcery,270,45,40,40,50,61,34,Milcery
869,Alcremie,495,65,60,75,110,121,64,Milcery
870,Falinks,470,65,100,100,70,60,75,Falinks
871,Pincurchin,435,48,101,95,91,85,15,Pincurchin
872,Snom,185,30,25,35,45,30,20,Snom
873,Frosmoth,475,70,65,60,125,90,65,Snom
874,Stonjourner,470,100,125,135,20,20,70,Stonjourner
875,Eiscue ,470,75,80,110,65,90,50,Eiscue
876,Indeedee,475,60,65,55,105,95,95,Indeedee 
877,Morpeko,436,58,95,58,70,58,97, Morpeko
878,Cufant,330,72,80,49,40,49,40,Cufant
879,Copperajah,500,122,130,69,80,69,30,Cufant
880,Dracozolt,505,90,100,90,80,70,75,Dracozolt
881,Arctozolt,505,90,100,90,90,80,55,Arctozolt
882,Dracovish,505,90,90,100,70,80,75,Dracovish
883,Arctovish,505,90,90,100,80,90,55,Arctovish
884,Duraludon,535,70,95,115,120,50,85,Duraludon
885,Dreepy,270,28,60,30,40,30,82,Dreepy
886,Drakloak,410,68,80,50,60,50,102,Dreepy
887,Dragapult,600,88,120,75,100,75,142,Dreepy
888,Zacian,720,92,170,115,80,115,148,Zacian
889,Zamazenta,720,92,130,145,80,145,128,Zamazenta
890,Eternatus,690,140,85,95,145,95,130,Eternatus
