type_id,type_1,type_2
0,bug,
1,bug,flying
2,bug,poison
3,bug,grass
4,bug,steel
5,bug,rock
6,bug,ground
7,bug,ghost
8,bug,electric
9,bug,fire
10,bug,fairy
11,bug,water
12,dark,
13,dark,flying
14,dark,ice
15,dark,fire
16,dark,ghost
17,dark,fighting
18,dark,steel
19,dark,dragon
20,dark,psychic
21,dragon,
22,dragon,psychic
23,dragon,flying
24,dragon,ground
25,dragon,fire
26,dragon,electric
27,dragon,ice
28,dragon,fighting
29,electric,
30,electric,electric
31,electric,steel
32,electric,flying
33,electric,ghost
34,electric,normal
35,electric,fairy
36,fairy,
37,fairy,flying
38,fighting,
39,fighting,psychic
40,fighting,steel
42,fighting,flying
43,fighting,ice
44,fire,
45,fire,flying
46,fire,ice
47,fire,rock
48,fire,fighting
49,fire,ground
50,fire,steel
51,fire,fire
52,fire,psychic
53,fire,normal
54,fire,water
57,flying,
59,ghost,poison
60,ghost,
61,ghost,flying
63,ghost,dragon
64,ghost,fire
65,ghost,grass
66,ghost,ground
67,ghost,fairy
68,grass,poison
69,grass,psychic
70,grass,flying
71,grass,
72,grass,dark
73,grass,fighting
74,grass,ice
75,grass,grass
76,grass,fairy
77,grass,steel
79,ground,ice
80,ground,ground
81,ground,
83,ground,rock
84,ground,flying
86,ground,psychic
87,ground,steel
88,ground,dark
89,ground,electric
91,ice,psychic
92,ice,flying
94,ice,
95,ice,water
96,ice,ghost
97,normal,flying
98,normal,dark
99,normal,fairy
100,normal,
101,normal,psychic
102,normal,water
103,normal,grass
104,normal,ground
105,normal,fighting
106,normal,dragon
107,poison,
108,poison,ground
109,poison,flying
110,poison,poison
111,poison,dark
113,poison,fighting
114,poison,water
115,poison,dragon
116,poison,fire
117,psychic,
118,psychic,fairy
119,psychic,flying
123,psychic,ghost
124,psychic,steel
126,rock,water
127,rock,flying
128,rock,
129,rock,dark
130,rock,psychic
131,rock,grass
133,rock,steel
134,rock,fighting
135,rock,dragon
136,rock,ice
137,rock,fairy
138,rock,poison
140,steel,flying
141,steel,fairy
144,steel,
145,steel,dragon
147,steel,ghost
148,water,
149,water,fighting
151,water,psychic
153,water,flying
154,water,electric
155,water,fairy
156,water,ground
158,water,dragon
159,water,grass
160,water,dark
161,water,steel
162,water,ghost
164,bug,fighting
165,grass,ground
166,fighting,ghost
169,bug,psychic
171,grass,dragon
173,electric,poison
175,dark,fairy
178,ice,bug
180,electric,dark
182,electric,ice
184,fairy,steel
