pokemon_id,pokemon_name,generation,status,species,height,weight,total_points,HP,attack,defense,special_attack,special_defense,speed,family,type_id
1,Bulbasaur,1,Normal,Seed ,0.7,6.9,318,45,49,49,65,65,45,Bulbasaur,70
2,Ivysaur,1,Normal,Seed ,1.0,13.0,405,60,62,63,80,80,60,Bulbasaur,70
3,Venusaur,1,Normal,Seed ,2.0,100.0,525,80,82,83,100,100,80,Bulbasaur,70
4,Charmander,1,Normal,Lizard ,0.6,8.5,309,39,52,43,60,50,65,Charmander,46
5,Charmeleon,1,Normal,Flame ,1.1,19.0,405,58,64,58,80,65,80,Charmander,46
6,Charizard,1,Normal,Flame ,1.7,90.5,534,78,84,78,109,85,100,Charmander,47
7,Squirtle,1,Normal,Tiny Turtle ,0.5,9.0,314,44,48,65,50,64,43,Squirtle,155
8,Wartortle,1,Normal,Turtle ,1.0,22.5,405,59,63,80,65,80,58,Squirtle,155
9,Blastoise,1,Normal,Shellfish ,1.6,85.5,530,79,83,100,85,105,78,Squirtle,155
10,Caterpie,1,Normal,Worm ,0.3,2.9,195,45,30,35,20,20,45,Caterpie,1
11,Metapod,1,Normal,Cocoon ,0.7,9.9,205,50,20,55,25,25,30,Caterpie,1
12,Butterfree,1,Normal,Butterfly ,1.1,32.0,395,60,45,50,90,80,70,Caterpie,2
13,Weedle,1,Normal,Hairy Bug ,0.3,3.2,195,40,35,30,20,20,50,Weedle,3
14,Kakuna,1,Normal,Cocoon ,0.6,10.0,205,45,25,50,25,25,35,Weedle,3
15,Beedrill,1,Normal,Poison Bee ,1.0,29.5,395,65,90,40,45,80,75,Weedle,3
16,Pidgey,1,Normal,Tiny Bird ,0.3,1.8,251,40,45,40,35,35,56,Pidgey,100
17,Pidgeotto,1,Normal,Bird ,1.1,30.0,349,63,60,55,50,50,71,Pidgey,100
18,Pidgeot,1,Normal,Bird ,1.5,39.5,479,83,80,75,70,70,101,Pidgey,100
19,Rattata,1,Normal,Mouse ,0.3,3.5,253,30,56,35,25,35,72,Rattata,104
20,Raticate,1,Normal,Mouse ,0.7,18.5,413,55,81,60,50,70,97,Rattata,104
21,Spearow,1,Normal,Tiny Bird ,0.3,2.0,262,40,60,30,31,31,70,Spearow,100
22,Fearow,1,Normal,Beak ,1.2,38.0,442,65,90,65,61,61,100,Spearow,100
23,Ekans,1,Normal,Snake ,2.0,6.9,288,35,60,44,40,54,55,Ekans,111
24,Arbok,1,Normal,Cobra ,3.5,65.0,448,60,95,69,65,79,80,Ekans,111
25,Pikachu,1,Normal,Mouse ,0.4,6.0,320,35,55,40,50,50,90,Pikachu,31
26,Raichu,1,Normal,Mouse ,0.8,30.0,485,60,90,55,90,80,110,Pikachu,31
27,Sandshrew,1,Normal,Mouse ,0.6,12.0,300,50,75,85,20,30,40,Sandshrew,84
28,Sandslash,1,Normal,Mouse ,1.0,29.5,450,75,100,110,45,55,65,Sandshrew,84
29,Nidoran,1,Normal,Poison Pin ,0.4,7.0,275,55,47,52,40,40,41,Nidoran,111
30,Nidorina,1,Normal,Poison Pin ,0.8,20.0,365,70,62,67,55,55,56,Nidoran,111
31,Nidoqueen,1,Normal,Drill ,1.3,60.0,505,90,92,87,75,85,76,Nidoran,2
32,Nidoran,1,Normal,Poison Pin ,0.5,9.0,273,46,57,40,40,40,50,Nidoran,111
33,Nidorino,1,Normal,Poison Pin ,0.9,19.5,365,61,72,57,55,55,65,Nidoran,111
34,Nidoking,1,Normal,Drill ,1.4,62.0,505,81,102,77,85,75,85,Nidoran,2
35,Clefairy,1,Normal,Fairy ,0.6,7.5,323,70,45,48,60,65,35,Clefairy,38
36,Clefable,1,Normal,Fairy ,1.3,40.0,483,95,70,73,95,90,60,Clefairy,38
37,Vulpix,1,Normal,Fox ,0.6,9.9,299,38,41,40,50,65,65,Vulpix,46
38,Ninetales,1,Normal,Fox ,1.1,19.9,505,73,76,75,81,100,100,Vulpix,46
39,Jigglypuff,1,Normal,Balloon ,0.5,5.5,270,115,45,20,45,25,20,Jigglypuff,102
40,Wigglytuff,1,Normal,Balloon ,1.0,12.0,435,140,70,45,85,50,45,Jigglypuff,102
41,Zubat,1,Normal,Bat ,0.8,7.5,245,40,45,35,30,40,55,Zubat,113
42,Golbat,1,Normal,Bat ,1.6,55.0,455,75,80,70,65,75,90,Zubat,113
43,Oddish,1,Normal,Weed ,0.5,5.4,320,45,50,55,75,65,30,Oddish,70
44,Gloom,1,Normal,Weed ,0.8,8.6,395,60,65,70,85,75,40,Oddish,70
45,Vileplume,1,Normal,Flower ,1.2,18.6,490,75,80,85,110,90,50,Oddish,70
46,Paras,1,Normal,Mushroom ,0.3,5.4,285,35,70,55,45,55,25,Paras,4
47,Parasect,1,Normal,Mushroom ,1.0,29.5,405,60,95,80,60,80,30,Paras,4
48,Venonat,1,Normal,Insect ,1.0,30.0,305,60,55,50,40,55,45,Venonat,3
49,Venomoth,1,Normal,Poison Moth ,1.5,12.5,450,70,65,60,90,75,90,Venonat,3
50,Diglett,1,Normal,Mole ,0.2,0.8,265,10,55,25,35,45,95,Diglett,84
51,Dugtrio,1,Normal,Mole ,0.7,33.3,425,35,100,50,50,70,120,Diglett,84
52,Meowth,1,Normal,Scratch Cat ,0.4,4.2,290,40,45,35,40,40,90,Meowth,104
53,Persian,1,Normal,Classy Cat ,1.0,32.0,440,65,70,60,65,65,115,Meowth,104
54,Psyduck,1,Normal,Duck ,0.8,19.6,320,50,52,48,65,50,55,Psyduck,155
55,Golduck,1,Normal,Duck ,1.7,76.6,500,80,82,78,95,80,85,Psyduck,155
56,Mankey,1,Normal,Pig Monkey ,0.5,28.0,305,40,80,35,35,45,70,Mankey,40
57,Primeape,1,Normal,Pig Monkey ,1.0,32.0,455,65,105,60,60,70,95,Mankey,40
58,Growlithe,1,Normal,Puppy ,0.7,19.0,350,55,70,45,70,50,60,Growlithe,46
59,Arcanine,1,Normal,Legendary ,1.9,155.0,555,90,110,80,100,80,95,Growlithe,46
60,Poliwag,1,Normal,Tadpole ,0.6,12.4,300,40,50,40,40,40,90,Poliwag,155
61,Poliwhirl,1,Normal,Tadpole ,1.0,20.0,385,65,65,65,50,50,90,Poliwag,155
62,Poliwrath,1,Normal,Tadpole ,1.3,54.0,510,90,95,95,70,90,70,Poliwag,156
63,Abra,1,Normal,Psi ,0.9,19.5,310,25,20,15,105,55,90,Abra,123
64,Kadabra,1,Normal,Psi ,1.3,56.5,400,40,35,30,120,70,105,Abra,123
65,Alakazam,1,Normal,Psi ,1.5,48.0,500,55,50,45,135,95,120,Abra,123
66,Machop,1,Normal,Superpower ,0.8,19.5,305,70,80,50,35,35,35,Machop,40
67,Machoke,1,Normal,Superpower ,1.5,70.5,405,80,100,70,50,60,45,Machop,40
68,Machamp,1,Normal,Superpower ,1.6,130.0,505,90,130,80,65,85,55,Machop,40
69,Bellsprout,1,Normal,Flower ,0.7,4.0,300,50,75,35,70,30,40,Bellsprout,70
70,Weepinbell,1,Normal,Flycatcher ,1.0,6.4,390,65,90,50,85,45,55,Bellsprout,70
71,Victreebel,1,Normal,Flycatcher ,1.7,15.5,490,80,105,65,100,70,70,Bellsprout,70
72,Tentacool,1,Normal,Jellyfish ,0.9,45.5,335,40,40,35,50,100,70,Tentacool,126
73,Tentacruel,1,Normal,Jellyfish ,1.6,55.0,515,80,70,65,80,120,100,Tentacool,126
74,Geodude,1,Normal,Rock ,0.4,20.0,300,40,80,100,30,30,20,Geodude,5
75,Graveler,1,Normal,Rock ,1.0,105.0,390,55,95,115,45,45,35,Geodude,5
76,Golem,1,Normal,,1.4,300.0,495,80,120,130,55,65,45,Geodude,5
77,Ponyta,1,Normal,Fire Horse ,1.0,30.0,410,50,85,55,65,65,90,Ponyta,46
78,Rapidash,1,Normal,Fire Horse ,1.7,95.0,500,65,100,70,80,80,105,Ponyta,46
79,Slowpoke,1,Normal,Dopey ,1.2,36.0,315,90,65,65,40,40,15,Slowpoke,158
80,Slowbro,1,Normal,Hermit Crab ,1.6,78.5,490,95,75,110,100,80,30,Slowpoke,158
81,Magnemite,1,Normal,Magnet ,0.3,6.0,325,25,35,70,95,55,45,Magnemite,33
82,Magneton,1,Normal,Magnet ,1.0,60.0,465,50,60,95,120,70,70,Magnemite,33
83,Farfetch'd,1,Normal,Wild Duck ,0.8,15.0,377,52,90,55,58,62,60,Farfetch'd,100
84,Doduo,1,Normal,Twin Bird ,1.4,39.2,310,35,85,45,35,35,75,Doduo,100
85,Dodrio,1,Normal,Triple Bird ,1.8,85.2,470,60,110,70,60,60,110,Doduo,100
86,Seel,1,Normal,Sea Lion ,1.1,90.0,325,65,45,55,45,70,45,Seel,155
87,Dewgong,1,Normal,Sea Lion ,1.7,120.0,475,90,70,80,70,95,70,Seel,159
88,Grimer,1,Normal,Sludge ,0.9,30.0,325,80,80,50,40,50,25,Grimer,111
89,Muk,1,Normal,Sludge ,1.2,30.0,500,105,105,75,65,100,50,Grimer,111
90,Shellder,1,Normal,Bivalve ,0.3,4.0,305,30,65,100,45,25,40,Shellder,155
91,Cloyster,1,Normal,Bivalve ,1.5,132.5,525,50,95,180,85,45,70,Shellder,159
92,Gastly,1,Normal,Gas ,1.3,0.1,310,30,35,30,100,35,80,Gastly,61
93,Haunter,1,Normal,Gas ,1.6,0.1,405,45,50,45,115,55,95,Gastly,61
94,Gengar,1,Normal,Shadow ,1.5,40.5,500,60,65,60,130,75,110,Gastly,61
95,Onix,1,Normal,Rock Snake ,8.8,210.0,385,35,45,160,30,45,70,Onix,5
96,Drowzee,1,Normal,Hypnosis ,1.0,32.4,328,60,48,45,43,90,42,Drowzee,123
97,Hypno,1,Normal,Hypnosis ,1.6,75.6,483,85,73,70,73,115,67,Drowzee,123
98,Krabby,1,Normal,River Crab ,0.4,6.5,325,30,105,90,25,25,50,Krabby,155
99,Kingler,1,Normal,Pincer ,1.3,60.0,475,55,130,115,50,50,75,Krabby,155
100,Voltorb,1,Normal,Ball ,0.5,10.4,330,40,30,50,55,55,100,Voltorb,31
101,Electrode,1,Normal,Ball ,1.2,66.6,490,60,50,70,80,80,150,Voltorb,31
102,Exeggcute,1,Normal,Egg ,0.4,2.5,325,60,40,80,60,45,40,Exeggcute,71
103,Exeggutor,1,Normal,Coconut ,2.0,120.0,530,95,95,85,125,75,55,Exeggcute,71
104,Cubone,1,Normal,Lonely ,0.4,6.5,320,50,50,95,40,50,35,Cubone,84
105,Marowak,1,Normal,Bone Keeper ,1.0,45.0,425,60,80,110,50,80,45,Cubone,84
106,Hitmonlee,1,Normal,Kicking ,1.5,49.8,455,50,120,53,35,110,87,Hitmon,40
107,Hitmonchan,1,Normal,Punching ,1.4,50.2,455,50,105,79,35,110,76,Hitmon,40
108,Lickitung,1,Normal,Licking ,1.2,65.5,385,90,55,75,60,75,30,Lickitung,104
109,Koffing,1,Normal,Poison Gas ,0.6,1.0,340,40,65,95,60,45,35,Koffing,111
110,Weezing,1,Normal,Poison Gas ,1.2,9.5,490,65,90,120,85,70,60,Koffing,111
111,Rhyhorn,1,Normal,Spikes ,1.0,115.0,345,80,85,95,30,30,25,Rhyhorn,86
112,Rhydon,1,Normal,Drill ,1.9,120.0,485,105,130,120,45,45,40,Rhyhorn,86
113,Chansey,1,Normal,Egg ,1.1,34.6,450,250,5,5,35,105,50,Chansey,104
114,Tangela,1,Normal,Vine ,1.0,35.0,435,65,55,115,100,40,60,Tangela,73
115,Kangaskhan,1,Normal,Parent ,2.2,80.0,490,105,95,80,40,80,90,Kangaskhan,104
116,Horsea,1,Normal,Dragon ,0.4,8.0,295,30,40,70,70,25,60,Horsea,155
117,Seadra,1,Normal,Dragon ,1.2,25.0,440,55,65,95,95,45,85,Horsea,155
118,Goldeen,1,Normal,Goldfish ,0.6,15.0,320,45,67,60,35,50,63,Goldeen,155
119,Seaking,1,Normal,Goldfish ,1.3,39.0,450,80,92,65,65,80,68,Goldeen,155
120,Staryu,1,Normal,Star Shape ,0.8,34.5,340,30,45,55,70,55,85,Staryu,155
121,Starmie,1,Normal,Mysterious ,1.1,80.0,520,60,75,85,100,85,115,Staryu,158
122,Mr. Mime,1,Normal,Barrier ,1.3,54.5,460,40,45,65,100,120,90,Mr. Mime,124
123,Scyther,1,Normal,Mantis ,1.5,56.0,500,70,110,80,55,80,105,Scyther,2
124,Jynx,1,Normal,Human Shape ,1.4,40.6,455,65,50,35,115,95,95,Jynx,94
125,Electabuzz,1,Normal,Electric ,1.1,30.0,490,65,83,57,95,85,105,Electabuzz,31
126,Magmar,1,Normal,Spitfire ,1.3,44.5,495,65,95,57,100,85,93,Magmar,46
127,Pinsir,1,Normal,Stag Beetle ,1.5,55.0,500,65,125,100,55,70,85,Pinsir,1
128,Tauros,1,Normal,Wild Bull ,1.4,88.4,490,75,100,95,40,70,110,Tauros,104
129,Magikarp,1,Normal,Fish ,0.9,10.0,200,20,10,55,15,20,80,Magikarp,155
130,Gyarados,1,Normal,Atrocious ,6.5,235.0,540,95,125,79,60,100,81,Magikarp,160
131,Lapras,1,Normal,Transport ,2.5,220.0,535,130,85,80,85,95,60,Lapras,159
132,Ditto,1,Normal,Transform ,0.3,4.0,288,48,48,48,48,48,48,Ditto,104
133,Eevee,1,Normal,Evolution ,0.3,6.5,325,55,55,50,45,65,55,Eevee,104
134,Vaporeon,1,Normal,Bubble Jet ,1.0,29.0,525,130,65,60,110,95,65,Eevee,155
135,Jolteon,1,Normal,Lightning ,0.8,24.5,525,65,65,60,110,95,130,Eevee,31
136,Flareon,1,Normal,Flame ,0.9,25.0,525,65,130,60,95,110,65,Eevee,46
137,Porygon,1,Normal,Virtual ,0.8,36.5,395,65,60,70,85,75,40,Porygon,104
138,Omanyte,1,Normal,Spiral ,0.4,7.5,355,35,40,100,90,55,35,Omanyte,133
139,Omastar,1,Normal,Spiral ,1.0,35.0,495,70,60,125,115,70,55,Omanyte,133
140,Kabuto,1,Normal,Shellfish ,0.5,11.5,355,30,80,90,55,45,55,Kabuto,133
141,Kabutops,1,Normal,Shellfish ,1.3,40.5,495,60,115,105,65,70,80,Kabuto,133
142,Aerodactyl,1,Normal,Fossil ,1.8,59.0,515,80,105,65,60,75,130,Aerodactyl,134
143,Snorlax,1,Normal,Sleeping ,2.1,460.0,540,160,110,65,65,110,30,Snorlax,104
144,Articuno,1,Sub Legendary,Freeze ,1.7,55.4,580,90,85,100,95,125,85,Articuno,95
145,Zapdos,1,Sub Legendary,Electric ,1.6,52.6,580,90,90,85,125,90,100,Zapdos,34
146,Moltres,1,Sub Legendary,Flame ,2.0,60.0,580,90,100,90,125,85,90,Moltres,47
147,Dratini,1,Normal,Dragon ,1.8,3.3,300,41,64,45,50,50,50,Dratini,23
148,Dragonair,1,Normal,Dragon ,4.0,16.5,420,61,84,65,70,70,70,Dratini,23
149,Dragonite,1,Normal,Dragon ,2.2,210.0,600,91,134,95,100,100,80,Dratini,25
150,Mewtwo,1,Legendary,Genetic ,2.0,122.0,680,106,110,90,154,90,130,Mewtwo,123
151,Mew,1,Mythical,New Species ,0.4,4.0,600,100,100,100,100,100,100,Mew,123
152,Chikorita,2,Normal,Leaf ,0.9,6.4,318,45,49,65,49,65,45,Chikorita,73
153,Bayleef,2,Normal,Leaf ,1.2,15.8,405,60,62,80,63,80,60,Chikorita,73
154,Meganium,2,Normal,Herb ,1.8,100.5,525,80,82,100,83,100,80,Chikorita,73
155,Cyndaquil,2,Normal,Fire Mouse ,0.5,7.9,309,39,52,43,60,50,65,Cyndaquil,46
156,Quilava,2,Normal,Volcano ,0.9,19.0,405,58,64,58,80,65,80,Cyndaquil,46
157,Typhlosion,2,Normal,Volcano ,1.7,79.5,534,78,84,78,109,85,100,Cyndaquil,46
158,Totodile,2,Normal,Big Jaw ,0.6,9.5,314,50,65,64,44,48,43,Totodile,155
159,Croconaw,2,Normal,Big Jaw ,1.1,25.0,405,65,80,80,59,63,58,Totodile,155
160,Feraligatr,2,Normal,Big Jaw ,2.3,88.8,530,85,105,100,79,83,78,Totodile,155
161,Sentret,2,Normal,Scout ,0.8,6.0,215,35,46,34,35,45,20,Sentret,104
162,Furret,2,Normal,Long Body ,1.8,32.5,415,85,76,64,45,55,90,Sentret,104
163,Hoothoot,2,Normal,Owl ,0.7,21.2,262,60,30,30,36,56,50,Hoothoot,100
164,Noctowl,2,Normal,Owl ,1.6,40.8,452,100,50,50,86,96,70,Hoothoot,100
165,Ledyba,2,Normal,Five Star ,1.0,10.8,265,40,20,30,40,80,55,Ledyba,2
166,Ledian,2,Normal,Five Star ,1.4,35.6,390,55,35,50,55,110,85,Ledyba,2
167,Spinarak,2,Normal,String Spit ,0.5,8.5,250,40,60,40,40,40,30,Spinarak,3
168,Ariados,2,Normal,Long Leg ,1.1,33.5,400,70,90,70,60,70,40,Spinarak,3
169,Crobat,2,Normal,Bat ,1.8,75.0,535,85,90,80,70,80,130,Zubat,113
170,Chinchou,2,Normal,Angler ,0.5,12.0,330,75,38,38,56,56,67,Chinchou,161
171,Lanturn,2,Normal,Light ,1.2,22.5,460,125,58,58,76,76,67,Chinchou,161
172,Pichu,2,Normal,Tiny Mouse ,0.3,2.0,205,20,40,15,35,35,60,Pikachu,31
173,Cleffa,2,Normal,Star Shape ,0.3,3.0,218,50,25,28,45,55,15,Clefairy,38
174,Igglybuff,2,Normal,Balloon ,0.3,1.0,210,90,30,15,40,20,15,Jigglypuff,102
175,Togepi,2,Normal,Spike Ball ,0.3,1.5,245,35,20,65,40,65,20,Togepi,38
176,Togetic,2,Normal,Happiness ,0.6,3.2,405,55,40,85,80,105,40,Togepi,39
177,Natu,2,Normal,Tiny Bird ,0.2,2.0,320,40,50,45,70,45,70,Natu,83
178,Xatu,2,Normal,Mystic ,1.5,15.0,470,65,75,70,95,70,95,Natu,83
179,Mareep,2,Normal,Wool ,0.6,7.8,280,55,40,40,65,45,35,Mareep,31
180,Flaaffy,2,Normal,Wool ,0.8,13.3,365,70,55,55,80,60,45,Mareep,31
181,Ampharos,2,Normal,Light ,1.4,61.5,510,90,75,85,115,90,55,Mareep,31
182,Bellossom,2,Normal,Flower ,0.4,5.8,490,75,80,95,90,100,50,Oddish,73
183,Marill,2,Normal,Aqua Mouse ,0.4,8.5,250,70,20,50,20,50,40,Marill,162
184,Azumarill,2,Normal,Aqua Rabbit ,0.8,28.5,420,100,50,80,60,80,50,Marill,162
185,Sudowoodo,2,Normal,Imitation ,1.2,38.0,410,70,100,115,30,65,30,Sudowoodo,135
186,Politoed,2,Normal,Frog ,1.1,33.9,500,90,75,75,90,100,70,Poliwag,155
187,Hoppip,2,Normal,Cottonweed ,0.4,0.5,250,35,35,40,35,55,50,Hoppop,72
188,Skiploom,2,Normal,Cottonweed ,0.6,1.0,340,55,45,50,45,65,80,Hoppip,72
189,Jumpluff,2,Normal,Cottonweed ,0.8,3.0,460,75,55,70,55,95,110,Hoppop,72
190,Aipom,2,Normal,Long Tail ,0.8,11.5,360,55,70,55,40,55,85,Aipom,104
191,Sunkern,2,Normal,Seed ,0.3,1.8,180,30,30,30,30,30,30,Sunkern,73
192,Sunflora,2,Normal,Sun ,0.8,8.5,425,75,75,55,105,85,30,Sunkern,73
193,Yanma,2,Normal,Clear Wing ,1.2,38.0,390,65,65,45,75,45,95,Yanma,2
194,Wooper,2,Normal,Water Fish ,0.4,8.5,210,55,45,45,25,25,15,Wooper,11
195,Quagsire,2,Normal,Water Fish ,1.4,75.0,430,95,85,85,65,65,35,Wooper,11
196,Espeon,2,Normal,Sun ,0.9,26.5,525,65,65,60,130,95,110,Eevee,123
197,Umbreon,2,Normal,Moonlight ,1.0,27.0,525,95,65,110,60,130,65,Eevee,13
198,Murkrow,2,Normal,Darkness ,0.5,2.1,405,60,85,42,85,42,91,Murkrow,14
199,Slowking,2,Normal,Royal ,2.0,79.5,490,95,75,80,100,110,30,Slowpoke,158
200,Misdreavus,2,Normal,Screech ,0.7,1.0,435,60,60,60,85,85,85,Misdreavus,16
201,Unown,2,Normal,Symbol ,0.5,5.0,336,48,72,48,72,48,48,Unown,123
202,Wobbuffet,2,Normal,Patient ,1.3,28.5,405,190,33,58,33,58,33,Wobbuffet,123
203,Girafarig,2,Normal,Long Neck ,1.5,41.5,455,70,80,65,90,65,85,Girafarig,105
204,Pineco,2,Normal,Bagworm ,0.6,7.2,290,50,65,90,35,35,15,Pineco,1
205,Forretress,2,Normal,Bagworm ,1.2,125.8,465,75,90,140,60,60,40,Pineco,5
206,Dunsparce,2,Normal,Land Snake ,1.5,14.0,415,100,70,70,65,65,45,Dunsparce,104
207,Gligar,2,Normal,FlyScorpion ,1.1,64.8,430,65,75,105,35,65,85,Gligar,87
208,Steelix,2,Normal,Iron Snake ,9.2,400.0,510,75,85,200,55,65,30,Onix,40
209,Snubbull,2,Normal,Fairy ,0.6,7.8,300,60,80,50,40,40,30,Snubbull,38
210,Granbull,2,Normal,Fairy ,1.4,48.7,450,90,120,75,60,60,45,Snubbull,38
211,Qwilfish,2,Normal,Balloon ,0.5,3.9,440,65,95,85,55,55,85,Swilfish,126
212,Scizor,2,Normal,Pincer ,1.8,118.0,500,70,130,100,55,80,65,Scyther,5
213,Shuckle,2,Normal,Mold ,0.6,20.5,505,20,10,230,10,230,5,Shuckle,6
214,Heracross,2,Normal,Single Horn ,1.5,54.0,500,80,125,75,40,95,85,Heracross,164
215,Sneasel,2,Normal,Sharp Claw ,0.9,28.0,430,55,95,55,35,75,115,Sneasel,14
216,Teddiursa,2,Normal,Little Bear ,0.6,8.8,330,60,80,50,50,50,40,Teddiursa,100
217,Ursaring,2,Normal,Hibernator ,1.8,125.8,500,90,130,75,75,75,55,Teddiursa,100
218,Slugma,2,Normal,Lava ,0.7,35.0,250,40,40,40,70,40,20,Slugma,44
219,Magcargo,2,Normal,Lava ,0.8,55.0,430,60,50,120,90,80,30,Slugma,47
220,Swinub,2,Normal,Pig ,0.4,6.5,250,50,50,40,30,30,50,Swinub,79
221,Piloswine,2,Normal,Swine ,1.1,55.8,450,100,100,80,60,60,50,Swinub,79
222,Corsola,2,Normal,Coral ,0.6,5.0,410,65,55,95,65,95,35,Corsola,126
223,Remoraid,2,Normal,Jet ,0.6,12.0,300,35,65,35,65,35,65,Remoraid,148
224,Octillery,2,Normal,Jet ,0.9,28.5,480,75,105,75,105,75,45,Remoraid,148
225,Delibird,2,Normal,Delivery ,0.9,16.0,330,45,55,45,65,45,75,Delibird,92
226,Mantine,2,Normal,Kite ,2.1,220.0,485,85,40,70,80,140,70,Mantine,153
227,Skarmory,2,Normal,Armor Bird ,1.7,50.5,465,65,80,140,40,70,70,Skarmory,140
228,Houndour,2,Normal,Dark ,0.6,10.8,330,45,60,30,80,50,65,Houndour,15
229,Houndoom,2,Normal,Dark ,1.4,35.0,500,75,90,50,110,80,95,Houndour,15
230,Kingdra,2,Normal,Dragon ,1.8,152.0,540,75,95,95,95,95,85,Horsea,158
231,Phanpy,2,Normal,Long Nose ,0.5,33.5,330,90,60,60,40,40,40,Phanpy,81
232,Donphan,2,Normal,Armor ,1.1,120.0,500,90,120,120,60,60,50,Phanpy,81
233,Porygon2,2,Normal,Virtual ,0.6,32.5,515,85,80,90,105,95,60,Porygon,100
234,Stantler,2,Normal,Big Horn ,1.4,71.2,465,73,95,62,85,65,85,Stantler,100
235,Smeargle,2,Normal,Painter ,1.2,58.0,250,55,20,35,20,45,75,Smeargle,100
236,Tyrogue,2,Normal,Scuffle ,0.7,21.0,210,35,35,35,35,35,35,Hitmon,38
237,Hitmontop,2,Normal,Handstand ,1.4,48.0,455,50,95,95,35,110,70,Hitmon,38
238,Smoochum,2,Normal,Kiss ,0.4,6.0,305,45,30,15,85,65,65,Jynx,91
239,Elekid,2,Normal,Electric ,0.6,23.5,360,45,63,37,65,55,95,Electabuzz,29
240,Magby,2,Normal,Live Coal ,0.7,21.4,365,45,75,37,70,55,83,Magmar,44
241,Miltank,2,Normal,Milk Cow ,1.2,75.5,490,95,80,105,40,70,100,Miltank,100
242,Blissey,2,Normal,Happiness ,1.5,46.8,540,255,10,10,75,135,55,Chansey,100
243,Raikou,2,Sub Legendary,Thunder ,1.9,178.0,580,90,85,75,115,100,115,Raikou,29
244,Entei,2,Sub Legendary,Volcano ,2.1,198.0,580,115,115,85,90,75,100,Entei,44
245,Suicune,2,Sub Legendary,Aurora ,2.0,187.0,580,100,75,115,90,115,85,Suicune,148
246,Larvitar,2,Normal,Rock Skin ,0.6,72.0,300,50,64,50,45,50,41,Larvitar,83
247,Pupitar,2,Normal,Hard Shell ,1.2,152.0,410,70,84,70,65,70,51,Larvitar,83
248,Tyranitar,2,Normal,Armor ,2.0,202.0,600,100,134,110,95,100,61,Larvitar,129
249,Lugia,2,Legendary,Diving ,5.2,216.0,680,106,90,130,90,154,110,Lugia,119
250,Ho-oh,2,Legendary,Rainbow ,3.8,199.0,680,106,130,90,110,154,90,Ho-oh,45
251,Celebi,2,Mythical,Time Travel ,0.6,5.0,600,100,100,100,100,100,100,Celebi,69
252,Treecko,3,Normal,Wood Gecko ,0.5,5.0,310,40,45,35,65,55,70,Treecko,71
253,Grovyle,3,Normal,Wood Gecko ,0.9,21.6,405,50,65,45,85,65,95,Treecko,71
254,Sceptile,3,Normal,Forest ,1.7,52.2,530,70,85,65,105,85,120,Treecko,71
255,Torchic,3,Normal,Chick ,0.4,2.5,310,45,60,40,70,50,45,Torchic,44
256,Combusken,3,Normal,Young Fowl ,0.9,19.5,405,60,85,60,85,60,55,Torchic,48
257,Blaziken,3,Normal,Blaze ,1.9,52.0,530,80,120,70,110,70,80,Torchic,48
258,Mudkip,3,Normal,Mud Fish ,0.4,7.6,310,50,70,50,50,50,40,Mudkip,148
259,Marshtomp,3,Normal,Mud Fish ,0.7,28.0,405,70,85,70,60,70,50,Mudkio,156
260,Swampert,3,Normal,Mud Fish ,1.5,81.9,535,100,110,90,85,90,60,Mudkio,156
261,Poochyena,3,Normal,Bite ,0.5,13.6,220,35,55,35,30,30,35,Poochyena,12
262,Mightyena,3,Normal,Bite ,1.0,37.0,420,70,90,70,60,60,70,Poochyena,12
263,Zigzagoon,3,Normal,TinyRaccoon ,0.4,17.5,240,38,30,41,30,41,60,Zigzagoon,100
264,Linoone,3,Normal,Rushing ,0.5,32.5,420,78,70,61,50,61,100,Zigzagoon,100
265,Wurmple,3,Normal,Worm ,0.3,3.6,195,45,45,35,20,30,20,Wurmple,0
266,Silcoon,3,Normal,Cocoon ,0.6,10.0,205,50,35,55,25,25,15,Wurmple,0
267,Beautifly,3,Normal,Butterfly ,1.0,28.4,395,60,70,50,100,50,65,Wurmple,1
268,Cascoon,3,Normal,Cocoon ,0.7,11.5,205,50,35,55,25,25,15,Wurmple,0
269,Dustox,3,Normal,Poison Moth ,1.2,31.6,385,60,50,70,50,90,65,Wurmple,2
270,Lotad,3,Normal,Water Weed ,0.5,2.6,220,40,30,30,40,50,30,Lotad,159
271,Lombre,3,Normal,Jolly ,1.2,32.5,340,60,50,50,60,70,50,Lotad,159
272,Ludicolo,3,Normal,Carefree ,1.5,55.0,480,80,70,70,90,100,70,Lotad,159
273,Seedot,3,Normal,Acorn ,0.5,4.0,220,40,40,50,30,30,30,Seedot,71
274,Nuzleaf,3,Normal,Wily ,1.0,28.0,340,70,70,40,60,40,60,Seedot,72
275,Shiftry,3,Normal,Wicked ,1.3,59.6,480,90,100,60,90,60,80,Seedot,72
276,Taillow,3,Normal,TinySwallow ,0.3,2.3,270,40,55,30,30,30,85,Taillow,97
277,Swellow,3,Normal,Swallow ,0.7,19.8,455,60,85,60,75,50,125,Taillow,97
278,Wingull,3,Normal,Seagull ,0.6,9.5,270,40,30,30,55,30,85,Wingull,153
279,Pelipper,3,Normal,Water Bird ,1.2,28.0,440,60,50,100,95,70,65,Wingull,153
280,Ralts,3,Normal,Feeling ,0.4,6.6,198,28,25,25,45,35,40,Ralts,118
281,Kirlia,3,Normal,Emotion ,0.8,20.2,278,38,35,35,65,55,50,Ralts,118
282,Gardevoir,3,Normal,Embrace ,1.6,48.4,518,68,65,65,125,115,80,Ralts,118
283,Surskit,3,Normal,Pond Skater ,0.5,1.7,269,40,30,32,50,52,65,Surskit,11
284,Masquerain,3,Normal,Eyeball ,0.8,3.6,454,70,60,62,100,82,80,Surskit,1
285,Shroomish,3,Normal,Mushroom ,0.4,4.5,295,60,40,60,40,60,35,Shroomish,71
286,Breloom,3,Normal,Mushroom ,1.2,39.2,460,60,130,80,60,60,70,Shroomish,73
287,Slakoth,3,Normal,Slacker ,0.8,24.0,280,60,60,60,35,35,30,Slakoth,100
288,Vigoroth,3,Normal,Wild Monkey ,1.4,46.5,440,80,80,80,55,55,90,Slakoth,100
289,Slaking,3,Normal,Lazy ,2.0,130.5,670,150,160,100,95,65,100,Slakoth,100
290,Nincada,3,Normal,Trainee ,0.5,5.5,266,31,45,90,30,30,40,Nincada,6
291,Ninjask,3,Normal,Ninja ,0.8,12.0,456,61,90,45,50,50,160,Nincada,1
292,Shedinja,3,Normal,Shed ,0.8,1.2,236,1,90,45,30,30,40,Nincada,7
293,Whismur,3,Normal,Whisper ,0.6,16.3,240,64,51,23,51,23,28,Whismur,100
294,Loudred,3,Normal,Big Voice ,1.0,40.5,360,84,71,43,71,43,48,Whismur,100
295,Exploud,3,Normal,Loud Noise ,1.5,84.0,490,104,91,63,91,73,68,Whismur,100
296,Makuhita,3,Normal,Guts ,1.0,86.4,237,72,60,30,20,30,25,Makuhita,38
297,Hariyama,3,Normal,Arm Thrust ,2.3,253.8,474,144,120,60,40,60,50,Makuhita,38
298,Azurill,3,Normal,Polka Dot ,0.2,2.0,190,50,20,40,20,40,20,Marill,99
299,Nosepass,3,Normal,Compass ,1.0,97.0,375,30,45,135,45,90,30,Nosepass,128
300,Skitty,3,Normal,Kitten ,0.6,11.0,260,50,45,45,35,35,50,Skitty,100
301,Delcatty,3,Normal,Prim ,1.1,32.6,400,70,65,65,55,55,90,Skitty,100
302,Sableye,3,Normal,Darkness ,0.5,11.0,380,50,75,75,65,65,50,Sableye,16
303,Mawile,3,Normal,Deceiver ,0.6,11.5,380,50,85,85,55,55,50,Mawile,141
304,Aron,3,Normal,Iron Armor ,0.4,60.0,330,50,70,100,40,40,30,Aron,133
305,Lairon,3,Normal,Iron Armor ,0.9,120.0,430,60,90,140,50,50,40,Aron,133
306,Aggron,3,Normal,Iron Armor ,2.1,360.0,530,70,110,180,60,60,50,Aron,133
307,Meditite,3,Normal,Meditate ,0.6,11.2,280,30,40,55,40,55,60,Meditite,39
308,Medicham,3,Normal,Meditate ,1.3,31.5,410,60,60,75,60,75,80,Meditite,39
309,Electrike,3,Normal,Lightning ,0.6,15.2,295,40,45,40,65,40,65,Electrike,29
310,Manectric,3,Normal,Discharge ,1.5,40.2,475,70,75,60,105,60,105,Electrike,29
311,Plusle,3,Normal,Cheering ,0.4,4.2,405,60,50,40,85,75,95,Plusle,29
312,Minun,3,Normal,Cheering ,0.4,4.2,405,60,40,50,75,85,95,Minun,29
313,Volbeat,3,Normal,Firefly ,0.7,17.7,430,65,73,75,47,85,85,Volbeat,0
314,Illumise,3,Normal,Firefly ,0.6,17.7,430,65,47,75,73,85,85,Illumise,0
315,Roselia,3,Normal,Thorn ,0.3,2.0,400,50,60,45,100,80,65,Roselia,68
316,Gulpin,3,Normal,Stomach ,0.4,10.3,302,70,43,53,43,53,40,Gulpin,107
317,Swalot,3,Normal,Poison Bag ,1.7,80.0,467,100,73,83,73,83,55,Gulpin,107
318,Carvanha,3,Normal,Savage ,0.8,20.8,305,45,90,20,65,20,65,Carvanha,160
319,Sharpedo,3,Normal,Brutal ,1.8,88.8,460,70,120,40,95,40,95,Carvanha,160
320,Wailmer,3,Normal,Ball Whale ,2.0,130.0,400,130,70,35,70,35,60,Wailmer,148
321,Wailord,3,Normal,Float Whale ,14.5,398.0,500,170,90,45,90,45,60,Wailmer,148
322,Numel,3,Normal,Numb ,0.7,24.0,305,60,60,40,65,45,35,Numel,49
323,Camerupt,3,Normal,Eruption ,1.9,220.0,460,70,100,70,105,75,40,Numel,49
324,Torkoal,3,Normal,Coal ,0.5,80.4,470,70,85,140,85,70,20,Torkoal,44
325,Spoink,3,Normal,Bounce ,0.7,30.6,330,60,25,35,70,80,60,Spoink,117
326,Grumpig,3,Normal,Manipulate ,0.9,71.5,470,80,45,65,90,110,80,Spoink,117
327,Spinda,3,Normal,Spot Panda ,1.1,5.0,360,60,60,60,60,60,60,Spinda,100
328,Trapinch,3,Normal,Ant Pit ,0.7,15.0,290,45,100,45,45,45,10,Trapinch,81
329,Vibrava,3,Normal,Vibration ,1.1,15.3,340,50,70,50,50,50,70,Trapinch,24
330,Flygon,3,Normal,Mystic ,2.0,82.0,520,80,100,80,80,80,100,Trapinch,24
331,Cacnea,3,Normal,Cactus ,0.4,51.3,335,50,85,40,85,40,35,Cacnea,71
332,Cacturne,3,Normal,Scarecrow ,1.3,77.4,475,70,115,60,115,60,55,Cacnea,72
333,Swablu,3,Normal,Cotton Bird ,0.4,1.2,310,45,40,60,40,75,50,Swablu,97
334,Altaria,3,Normal,Humming ,1.1,20.6,490,75,70,90,70,105,80,Swablu,23
335,Zangoose,3,Normal,Cat Ferret ,1.3,40.3,458,73,115,60,60,60,90,Zangoose,100
336,Seviper,3,Normal,Fang Snake ,2.7,52.5,458,73,100,60,100,60,65,Seviper,107
337,Lunatone,3,Normal,Meteorite ,1.0,168.0,460,90,55,65,95,85,70,Lunatone,130
338,Solrock,3,Normal,Meteorite ,1.2,154.0,460,90,95,85,55,65,70,Solrock,130
339,Barboach,3,Normal,Whiskers ,0.4,1.9,288,50,48,43,46,41,60,Barboach,156
340,Whiscash,3,Normal,Whiskers ,0.9,23.6,468,110,78,73,76,71,60,Barboach,156
341,Corphish,3,Normal,Ruffian ,0.6,11.5,308,43,80,65,50,35,35,Corphish,148
342,Crawdaunt,3,Normal,Rogue ,1.1,32.8,468,63,120,85,90,55,55,Corphish,160
343,Baltoy,3,Normal,Clay Doll ,0.5,21.5,300,40,40,55,40,70,55,Baltoy,86
344,Claydol,3,Normal,Clay Doll ,1.5,108.0,500,60,70,105,70,120,75,Baltoy,86
345,Lileep,3,Normal,Sea Lily ,1.0,23.8,355,66,41,77,61,87,23,Lileep,131
346,Cradily,3,Normal,Barnacle ,1.5,60.4,495,86,81,97,81,107,43,Lileep,131
347,Anorith,3,Normal,Old Shrimp ,0.7,12.5,355,45,95,50,40,50,75,Anorith,5
348,Armaldo,3,Normal,Plate ,1.5,68.2,495,75,125,100,70,80,45,Anorith,5
349,Feebas,3,Normal,Fish ,0.6,7.4,200,20,15,20,10,55,80,Feebas,148
350,Milotic,3,Normal,Tender ,6.2,162.0,540,95,60,79,100,125,81,Feebas,148
351,Castform,3,Normal,Weather ,0.3,0.8,420,70,70,70,70,70,70,Castform,100
352,Kecleon,3,Normal,Color Swap ,1.0,22.0,440,60,90,70,60,120,40,Kecleon,100
353,Shuppet,3,Normal,Puppet ,0.6,2.3,295,44,75,35,63,33,45,Shuppet,60
354,Banette,3,Normal,Marionette ,1.1,12.5,455,64,115,65,83,63,65,Shuppet,60
355,Duskull,3,Normal,Requiem ,0.8,15.0,295,20,40,90,30,90,25,Duskull,60
356,Dusclops,3,Normal,Beckon ,1.6,30.6,455,40,70,130,60,130,25,Duskull,60
357,Tropius,3,Normal,Fruit ,2.0,100.0,460,99,68,83,72,87,51,Tropius,70
358,Chimecho,3,Normal,Wind Chime ,0.6,1.0,455,75,50,80,95,90,65,Chimecho,117
359,Absol,3,Normal,Disaster ,1.2,47.0,465,65,130,60,75,60,75,Absol,12
360,Wynaut,3,Normal,Bright ,0.6,14.0,260,95,23,48,23,48,23,Wobbuffet,117
361,Snorunt,3,Normal,Snow Hat ,0.7,16.8,300,50,50,50,50,50,50,Snorunt,94
362,Glalie,3,Normal,Face ,1.5,256.5,480,80,80,80,80,80,80,Snorunt,94
363,Spheal,3,Normal,Clap ,0.8,39.5,290,70,40,50,55,50,25,Spheal,95
364,Sealeo,3,Normal,Ball Roll ,1.1,87.6,410,90,60,70,75,70,45,Spheal,95
365,Walrein,3,Normal,Ice Break ,1.4,150.6,530,110,80,90,95,90,65,Spheal,95
366,Clamperl,3,Normal,Bivalve ,0.4,52.5,345,35,64,85,74,55,32,Clamperl,148
367,Huntail,3,Normal,Deep Sea ,1.7,27.0,485,55,104,105,94,75,52,Clamperl,148
368,Gorebyss,3,Normal,South Sea ,1.8,22.6,485,55,84,105,114,75,52,Clamperl,148
369,Relicanth,3,Normal,Longevity ,1.0,23.4,485,100,90,130,45,65,55,Relicanth,126
370,Luvdisc,3,Normal,Rendezvous ,0.6,8.7,330,43,30,55,40,65,97,Luvdisc,148
371,Bagon,3,Normal,Rock Head ,0.6,42.1,300,45,75,60,40,30,50,Bagon,21
372,Shelgon,3,Normal,Endurance ,1.1,110.5,420,65,95,100,60,50,50,Bagon,21
373,Salamence,3,Normal,Dragon ,1.5,102.6,600,95,135,80,110,80,100,Bagon,23
374,Beldum,3,Normal,Iron Ball ,0.6,95.2,300,40,55,80,35,60,30,Beldum,124
375,Metang,3,Normal,Iron Claw ,1.2,202.5,420,60,75,100,55,80,50,Beldum,124
376,Metagross,3,Normal,Iron Leg ,1.6,550.0,600,80,135,130,95,90,70,Beldum,124
377,Regirock,3,Sub Legendary,Rock Peak ,1.7,230.0,580,80,100,200,50,100,50,Regirock,128
378,Regice,3,Sub Legendary,Iceberg ,1.8,175.0,580,80,50,100,100,200,50,Regice,94
379,Registeel,3,Sub Legendary,Iron ,1.9,205.0,580,80,75,150,75,150,50,Registeel,144
380,Latias,3,Sub Legendary,Eon ,1.4,40.0,600,80,80,90,110,130,110,Latias,22
381,Latios,3,Sub Legendary,Eon ,2.0,60.0,600,80,90,80,130,110,110,Latios,22
382,Kyogre,3,Legendary,Sea Basin ,4.5,352.0,670,100,100,90,150,140,90,Kyogre,148
383,Groudon,3,Legendary,Continent ,3.5,950.0,670,100,150,140,100,90,90,Groudon,81
384,Rayquaza,3,Legendary,Sky High ,7.0,206.5,680,105,150,90,150,90,95,Rayquaza,23
385,Jirachi,3,Mythical,Wish ,0.3,1.1,600,100,100,100,100,100,100,Jirachi,124
386,Deoxys,3,Mythical,DNA ,1.7,60.8,600,50,150,50,150,50,150,Deoxys,117
387,Turtwig,4,Normal,Tiny Leaf ,0.4,10.2,318,55,68,64,45,55,31,Turtwig,71
388,Grotle,4,Normal,Grove ,1.1,97.0,405,75,89,85,55,65,36,Turtwig,71
389,Torterra,4,Normal,Continent ,2.2,310.0,525,95,109,105,75,85,56,Turtwig,165
390,Chimchar,4,Normal,Chimp ,0.5,6.2,309,44,58,44,58,44,61,Chimchar,44
391,Monferno,4,Normal,Playful ,0.9,22.0,405,64,78,52,78,52,81,Chimchar,48
392,Infernape,4,Normal,Flame ,1.2,55.0,534,76,104,71,104,71,108,Chimchar,48
393,Piplup,4,Normal,Penguin ,0.4,5.2,314,53,51,53,61,56,40,Piplup,148
394,Prinplup,4,Normal,Penguin ,0.8,23.0,405,64,66,68,81,76,50,Piplup,148
395,Empoleon,4,Normal,Emperor ,1.7,84.5,530,84,86,88,111,101,60,Piplup,161
396,Starly,4,Normal,Starling ,0.3,2.0,245,40,55,30,30,30,60,Starly,97
397,Staravia,4,Normal,Starling ,0.6,15.5,340,55,75,50,40,40,80,Starly,97
398,Staraptor,4,Normal,Predator ,1.2,24.9,485,85,120,70,50,60,100,Starly,97
399,Bidoof,4,Normal,Plump Mouse ,0.5,20.0,250,59,45,40,35,40,31,Bidoof,100
400,Bibarel,4,Normal,Beaver ,1.0,31.5,410,79,85,60,55,60,71,Bidoof,102
401,Kricketot,4,Normal,Cricket ,0.3,2.2,194,37,25,41,25,41,25,Kricketot,0
402,Kricketune,4,Normal,Cricket ,1.0,25.5,384,77,85,51,55,51,65,Kricketot,0
403,Shinx,4,Normal,Flash ,0.5,9.5,263,45,65,34,40,34,45,Shinx,29
404,Luxio,4,Normal,Spark ,0.9,30.5,363,60,85,49,60,49,60,Shinx,29
405,Luxray,4,Normal,Gleam Eyes ,1.4,42.0,523,80,120,79,95,79,70,Shinx,29
406,Budew,4,Normal,Bud ,0.2,1.2,280,40,30,35,50,70,55,Roselia,68
407,Roserade,4,Normal,Bouquet ,0.9,14.5,515,60,70,65,125,105,90,Roselia,68
408,Cranidos,4,Normal,Head Butt ,0.9,31.5,350,67,125,40,30,30,58,Cranidos,128
409,Rampardos,4,Normal,Head Butt ,1.6,102.5,495,97,165,60,65,50,58,Cranidos,128
410,Shieldon,4,Normal,Shield ,0.5,57.0,350,30,42,118,42,88,30,Shieldon,133
411,Bastiodon,4,Normal,Shield ,1.3,149.5,495,60,52,168,47,138,30,Shieldon,133
412,Burmy,4,Normal,Bagworm ,0.2,3.4,224,40,29,45,29,45,36,Burmy,0
413,Wormadam,4,Normal,Bagworm ,0.5,6.5,424,60,59,85,79,105,36,Burmy,3
414,Mothim,4,Normal,Moth ,0.9,23.3,424,70,94,50,94,50,66,Burmy,1
415,Combee,4,Normal,Tiny Bee ,0.3,5.5,244,30,30,42,30,42,70,Combee,1
416,Vespiquen,4,Normal,Beehive ,1.2,38.5,474,70,80,102,80,102,40,Combee,1
417,Pachirisu,4,Normal,EleSquirrel ,0.4,3.9,405,60,45,70,45,90,95,Pachirisu,29
418,Buizel,4,Normal,Sea Weasel ,0.7,29.5,330,55,65,35,60,30,85,Buizel,148
419,Floatzel,4,Normal,Sea Weasel ,1.1,33.5,495,85,105,55,85,50,115,Buizel,148
420,Cherubi,4,Normal,Cherry ,0.4,3.3,275,45,35,45,62,53,35,Cherubi,71
421,Cherrim,4,Normal,Blossom ,0.5,9.3,450,70,60,70,87,78,85,Cherubi,71
422,Shellos,4,Normal,Sea Slug ,0.3,6.3,325,76,48,48,57,62,34,Shellos,148
423,Gastrodon,4,Normal,Sea Slug ,0.9,29.9,475,111,83,68,92,82,39,Shellos,156
424,Ambipom,4,Normal,Long Tail ,1.2,20.3,482,75,100,66,60,66,115,Aipom,100
425,Drifloon,4,Normal,Balloon ,0.4,1.2,348,90,50,34,60,44,70,Drifloon,61
426,Drifblim,4,Normal,Blimp ,1.2,15.0,498,150,80,44,90,54,80,Drifloon,61
427,Buneary,4,Normal,Rabbit ,0.4,5.5,350,55,66,44,44,56,85,Buneary,100
428,Lopunny,4,Normal,Rabbit ,1.2,33.3,480,65,76,84,54,96,105,Buneary,100
429,Mismagius,4,Normal,Magical ,0.9,4.4,495,60,60,60,105,105,105,Misdreavus,60
430,Honchkrow,4,Normal,Big Boss ,0.9,27.3,505,100,125,52,105,52,71,Murkrow,13
431,Glameow,4,Normal,Catty ,0.5,3.9,310,49,55,42,42,37,85,Glameow,100
432,Purugly,4,Normal,Tiger Cat ,1.0,43.8,452,71,82,64,64,59,112,Glameow,100
433,Chingling,4,Normal,Bell ,0.2,0.6,285,45,30,50,65,50,45,Chimecho,117
434,Stunky,4,Normal,Skunk ,0.4,19.2,329,63,63,47,41,41,74,Stunky,111
435,Skuntank,4,Normal,Skunk ,1.0,38.0,479,103,93,67,71,61,84,Stunky,111
436,Bronzor,4,Normal,Bronze ,0.5,60.5,300,57,24,86,24,86,23,Bronzor,124
437,Bronzong,4,Normal,Bronze Bell ,1.3,187.0,500,67,89,116,79,116,33,Bronzor,124
438,Bonsly,4,Normal,Bonsai ,0.5,15.0,290,50,80,95,10,45,10,Sudowoodo,128
439,Mime Jr.,4,Normal,Mime ,0.6,13.0,310,20,25,45,70,90,60,Mr. Mime,118
440,Happiny,4,Normal,Playhouse ,0.6,24.4,220,100,5,5,15,65,30,Chansey,100
441,Chatot,4,Normal,Music Note ,0.5,1.9,411,76,65,45,92,42,91,Chatot,97
442,Spiritomb,4,Normal,Forbidden ,1.0,108.0,485,50,92,108,92,108,35,Spiritomb,16
443,Gible,4,Normal,Land Shark ,0.7,20.5,300,58,70,45,40,45,42,Gible,24
444,Gabite,4,Normal,Cave ,1.4,56.0,410,68,90,65,50,55,82,Gible,24
445,Garchomp,4,Normal,Mach ,1.9,95.0,600,108,130,95,80,85,102,Gible,24
446,Munchlax,4,Normal,Big Eater ,0.6,105.0,390,135,85,40,40,85,5,Snorlax,100
447,Riolu,4,Normal,Emanation ,0.7,20.2,285,40,70,40,35,40,60,Riolu,38
448,Lucario,4,Normal,Aura ,1.2,54.0,525,70,110,70,115,70,90,Riolu,40
449,Hippopotas,4,Normal,Hippo ,0.8,49.5,330,68,72,78,38,42,32,Hippopotas,81
450,Hippowdon,4,Normal,Heavyweight ,2.0,300.0,525,108,112,118,68,72,47,Hippopotas,81
451,Skorupi,4,Normal,Scorpion ,0.8,12.0,330,40,50,90,30,55,65,Skorupi,2
452,Drapion,4,Normal,Ogre Scorp ,1.3,61.5,500,70,90,110,60,75,95,Skorupi,111
453,Croagunk,4,Normal,Toxic Mouth ,0.7,23.0,300,48,61,40,61,40,50,Croagunk,113
454,Toxicroak,4,Normal,Toxic Mouth ,1.3,44.4,490,83,106,65,86,65,85,Coagunk,113
455,Carnivine,4,Normal,Bug Catcher ,1.4,27.0,454,74,100,72,90,72,46,Carnivine,71
456,Finneon,4,Normal,Wing Fish ,0.4,7.0,330,49,49,56,49,61,66,Finneon,148
457,Lumineon,4,Normal,Neon ,1.2,24.0,460,69,69,76,69,86,91,Finneon,148
458,Mantyke,4,Normal,Kite ,1.0,65.0,345,45,20,50,60,120,50,Mantine,153
459,Snover,4,Normal,Frost Tree ,1.0,50.5,334,60,62,50,62,60,40,Snover,74
460,Abomasnow,4,Normal,Frost Tree ,2.2,135.5,494,90,92,75,92,85,60,Snover,74
461,Weavile,4,Normal,Sharp Claw ,1.1,34.0,510,70,120,65,45,85,125,Sneasel,14
462,Magnezone,4,Normal,Magnet Area ,1.2,180.0,535,70,70,115,130,90,60,Magnemite,31
463,Lickilicky,4,Normal,Licking ,1.7,140.0,515,110,85,95,80,95,50,Lickitung,100
464,Rhyperior,4,Normal,Drill ,2.4,282.8,535,115,140,130,55,55,40,Rhyhorn,83
465,Tangrowth,4,Normal,Vine ,2.0,128.6,535,100,100,125,110,50,50,Tangela,71
466,Electivire,4,Normal,Thunderbolt ,1.8,138.6,540,75,123,67,95,85,95,Electabuzz,29
467,Magmortar,4,Normal,Blast ,1.6,68.0,540,75,95,67,125,95,83,Magmar,44
468,Togekiss,4,Normal,Jubilee ,1.5,38.0,545,85,50,95,120,115,80,Togepi,37
469,Yanmega,4,Normal,Ogre Darner,1.9,51.5,515,86,76,86,116,56,95,Yanma,1
470,Leafeon,4,Normal,Verdant ,1.0,25.5,525,65,110,130,60,65,95,Eevee,71
471,Glaceon,4,Normal,Fresh Snow ,0.8,25.9,525,65,60,110,130,95,65,Eevee,94
472,Gliscor,4,Normal,Fang Scorp ,2.0,42.5,510,75,95,125,45,75,95,Gligar,84
473,Mamoswine,4,Normal,Twin Tusk ,2.5,291.0,530,110,130,80,70,60,80,Swinub,79
474,Porygon-Z,4,Normal,Virtual ,0.9,34.0,535,85,80,70,135,75,90,Porygon,100
475,Gallade,4,Normal,Blade ,1.6,52.0,518,68,125,65,65,115,80,Ralts,39
476,Probopass,4,Normal,Compass ,1.4,340.0,525,60,55,145,75,150,40,Nosepass,133
477,Dusknoir,4,Normal,Gripper ,2.2,106.6,525,45,100,135,65,135,45,Duskull,60
478,Froslass,4,Normal,Snow Land ,1.3,26.6,480,70,80,70,80,70,110,Snorunt,96
479,Rotom,4,Normal,Plasma ,0.3,0.3,440,50,50,77,95,77,91,Rotom,33
480,Uxie,4,Sub Legendary,Knowledge ,0.3,0.3,580,75,75,130,75,130,95,Uxie,117
481,Mesprit,4,Sub Legendary,Emotion ,0.3,0.3,580,80,105,105,105,105,80,Mesprit,117
482,Azelf,4,Sub Legendary,Willpower ,0.3,0.3,580,75,125,70,125,70,115,Azelf,117
483,Dialga,4,Legendary,Temporal ,5.4,683.0,680,100,120,120,150,100,90,Dialga,145
484,Palkia,4,Legendary,Spatial ,4.2,336.0,680,90,120,100,150,120,100,Palkia,158
485,Heatran,4,Sub Legendary,Lava Dome ,1.7,430.0,600,91,90,106,130,106,77,Heatran,50
486,Regigigas,4,Sub Legendary,Colossal ,3.7,420.0,670,110,160,110,80,110,100,Regigigas,100
487,Giratina,4,Legendary,Renegade ,6.9,650.0,680,150,120,100,120,100,90,Giratina,63
488,Cresselia,4,Sub Legendary,Lunar ,1.5,85.6,600,120,70,120,75,130,85,Cresselia,117
489,Phione,4,Mythical,Sea Drifter ,0.4,3.1,480,80,80,80,80,80,80,Manaphy,148
490,Manaphy,4,Mythical,Seafaring ,0.3,1.4,600,100,100,100,100,100,100,Manaphy,148
491,Darkrai,4,Mythical,Pitch-Black ,1.5,50.5,600,70,90,90,135,90,125,Darkrai,12
492,Shaymin,4,Mythical,Gratitude ,0.2,2.1,600,100,100,100,100,100,100,Shaymin,71
493,Arceus,4,Mythical,Alpha ,3.2,320.0,720,120,120,120,120,120,120,Arceus,100
494,Victini,5,Mythical,Victory ,0.4,4.0,600,100,100,100,100,100,100,Victini,52
495,Snivy,5,Normal,Grass Snake ,0.6,8.1,308,45,45,55,45,55,63,Snivy,71
496,Servine,5,Normal,Grass Snake ,0.8,16.0,413,60,60,75,60,75,83,Snivy,71
497,Serperior,5,Normal,Regal ,3.3,63.0,528,75,75,95,75,95,113,Snivy,71
498,Tepig,5,Normal,Fire Pig ,0.5,9.9,308,65,63,45,45,45,45,Tepig,44
499,Pignite,5,Normal,Fire Pig ,1.0,55.5,418,90,93,55,70,55,55,Tepig,48
500,Emboar,5,Normal,,1.6,150.0,528,110,123,65,100,65,65,Tepig,48
501,Oshawott,5,Normal,Sea Otter ,0.5,5.9,308,55,55,45,63,45,45,Oshawott,148
502,Dewott,5,Normal,Discipline ,0.8,24.5,413,75,75,60,83,60,60,Oshawott,148
503,Samurott,5,Normal,Formidable ,1.5,94.6,528,95,100,85,108,70,70,Oshawott,148
504,Patrat,5,Normal,Scout ,0.5,11.6,255,45,55,39,35,39,42,Patrat,100
505,Watchog,5,Normal,Lookout ,1.1,27.0,420,60,85,69,60,69,77,Patrat,100
506,Lillipup,5,Normal,Puppy ,0.4,4.1,275,45,60,45,25,45,55,Lillipup,100
507,Herdier,5,Normal,Loyal Dog ,0.9,14.7,370,65,80,65,35,65,60,Lillipup,100
508,Stoutland,5,Normal,Big-Hearted ,1.2,61.0,500,85,110,90,45,90,80,Lillipup,100
509,Purrloin,5,Normal,Devious ,0.4,10.1,281,41,50,37,50,37,66,Purrloin,12
510,Liepard,5,Normal,Cruel ,1.1,37.5,446,64,88,50,88,50,106,Purrloin,12
511,Pansage,5,Normal,Grass Monkey ,0.6,10.5,316,50,53,48,53,48,64,Pansage,71
512,Simisage,5,Normal,Thorn Monkey ,1.1,30.5,498,75,98,63,98,63,101,Pansage,71
513,Pansear,5,Normal,High Temp ,0.6,11.0,316,50,53,48,53,48,64,Pansear,44
514,Simisear,5,Normal,Ember ,1.0,28.0,498,75,98,63,98,63,101,Pansear,44
515,Panpour,5,Normal,Spray ,0.6,13.5,316,50,53,48,53,48,64,Panpour,148
516,Simipour,5,Normal,Geyser ,1.0,29.0,498,75,98,63,98,63,101,Panpour,148
517,Munna,5,Normal,Dream Eater ,0.6,23.3,292,76,25,45,67,55,24,Munna,117
518,Musharna,5,Normal,Drowsing ,1.1,60.5,487,116,55,85,107,95,29,Munna,117
519,Pidove,5,Normal,Tiny Pigeon ,0.3,2.1,264,50,55,50,36,30,43,Pidove,97
520,Tranquill,5,Normal,Wild Pigeon ,0.6,15.0,358,62,77,62,50,42,65,Pidove,97
521,Unfezant,5,Normal,Proud ,1.2,29.0,488,80,115,80,65,55,93,Pidove,97
522,Blitzle,5,Normal,Electrified ,0.8,29.8,295,45,60,32,50,32,76,Blitzle,29
523,Zebstrika,5,Normal,Thunderbolt ,1.6,79.5,497,75,100,63,80,63,116,Blitzle,29
524,Roggenrola,5,Normal,Mantle ,0.4,18.0,280,55,75,85,25,25,15,Roggenrola,128
525,Boldore,5,Normal,Ore ,0.9,102.0,390,70,105,105,50,40,20,Roggenrola,128
526,Gigalith,5,Normal,Compressed ,1.7,260.0,515,85,135,130,60,80,25,Roggenrola,128
527,Woobat,5,Normal,Bat ,0.4,2.1,323,65,45,43,55,43,72,Woobat,119
528,Swoobat,5,Normal,Courting ,0.9,10.5,425,67,57,55,77,55,114,Woobat,119
529,Drilbur,5,Normal,Mole ,0.3,8.5,328,60,85,40,30,45,68,Drilbur,81
530,Excadrill,5,Normal,Subterrene ,0.7,40.4,508,110,135,60,50,65,88,Drilbur,87
531,Audino,5,Normal,Hearing ,1.1,31.0,445,103,60,86,60,86,50,Audino,100
532,Timburr,5,Normal,Muscular ,0.6,12.5,305,75,80,55,25,35,35,Timburr,38
533,Gurdurr,5,Normal,Muscular ,1.2,40.0,405,85,105,85,40,50,40,Timburr,38
534,Conkeldurr,5,Normal,Muscular ,1.4,87.0,505,105,140,95,55,65,45,Timburr,38
535,Tympole,5,Normal,Tadpole ,0.5,4.5,294,50,50,40,50,40,64,Tympole,148
536,Palpitoad,5,Normal,Vibration ,0.8,17.0,384,75,65,55,65,55,69,Tympole,156
537,Seismitoad,5,Normal,Vibration ,1.5,62.0,509,105,95,75,85,75,74,Tymple,156
538,Throh,5,Normal,Judo ,1.3,55.5,465,120,100,85,30,85,45,Throh,38
539,Sawk,5,Normal,Karate ,1.4,51.0,465,75,125,75,30,75,85,Sawk,38
540,Sewaddle,5,Normal,Sewing ,0.3,2.5,310,45,53,70,40,60,42,Sewaddle,3
541,Swadloon,5,Normal,Leaf-Wrapped ,0.5,7.3,380,55,63,90,50,80,42,Sewaddle,3
542,Leavanny,5,Normal,Nurturing ,1.2,20.5,500,75,103,80,70,80,92,Sewaddle,3
543,Venipede,5,Normal,Centipede ,0.4,5.3,260,30,45,59,30,39,57,Venipede,2
544,Whirlipede,5,Normal,Curlipede ,1.2,58.5,360,40,55,99,40,79,47,Venipede,2
545,Scolipede,5,Normal,,2.5,200.5,485,60,100,89,55,69,112,Venipede,2
546,Cottonee,5,Normal,Cotton Puff ,0.3,0.6,280,40,27,60,37,50,66,Cottonee,76
547,Whimsicott,5,Normal,Windveiled ,0.7,6.6,480,60,67,85,77,75,116,Cottonee,76
548,Petilil,5,Normal,Bulb ,0.5,6.6,280,45,35,50,70,50,30,Petilil,71
549,Lilligant,5,Normal,Flowering ,1.1,16.3,480,70,60,75,110,75,90,Petilil,71
550,Basculin,5,Normal,Hostile ,1.0,18.0,460,70,92,65,80,55,98,Basculin,148
551,Sandile,5,Normal,Desert Croc ,0.7,15.2,292,50,72,35,35,35,65,Sandile,88
552,Krokorok,5,Normal,Desert Croc ,1.0,33.4,351,60,82,45,45,45,74,Sandile,88
553,Krookodile,5,Normal,Intimidation ,1.5,96.3,519,95,117,80,65,70,92,Sandile,88
554,Darumaka,5,Normal,Zen Charm ,0.6,37.5,315,70,90,45,15,45,50,Darumaka,44
555,Darmanitan,5,Normal,Blazing ,1.3,92.9,480,105,140,55,30,55,95,Darumaka,44
556,Maractus,5,Normal,Cactus ,1.0,28.0,461,75,86,67,106,67,60,Maractus,71
557,Dwebble,5,Normal,Rock Inn ,0.3,14.5,325,50,65,85,35,35,55,Dwebble,5
558,Crustle,5,Normal,Stone Home ,1.4,200.0,485,70,105,125,65,75,45,Dwebble,5
559,Scraggy,5,Normal,Shedding ,0.6,11.8,348,50,75,70,35,70,48,Scraggy,17
560,Scrafty,5,Normal,Hoodlum ,1.1,30.0,488,65,90,115,45,115,58,Scraggy,17
561,Sigilyph,5,Normal,Avianoid ,1.4,14.0,490,72,58,80,103,80,97,Sigilyph,119
562,Yamask,5,Normal,Spirit ,0.5,1.5,303,38,30,85,55,65,30,Yamask,60
563,Cofagrigus,5,Normal,Coffin ,1.7,76.5,483,58,50,145,95,105,30,Yamask,60
564,Tirtouga,5,Normal,Prototurtle ,0.7,16.5,355,54,78,103,53,45,22,Tirtouga,126
565,Carracosta,5,Normal,Prototurtle ,1.2,81.0,495,74,108,133,83,65,32,Tirtouga,126
566,Archen,5,Normal,First Bird ,0.5,9.5,401,55,112,45,74,45,70,Archen,127
567,Archeops,5,Normal,First Bird ,1.4,32.0,567,75,140,65,112,65,110,Archen,127
568,Trubbish,5,Normal,Trash Bag ,0.6,31.0,329,50,50,62,40,62,65,Trubbish,107
569,Garbodor,5,Normal,Trash Heap ,1.9,107.3,474,80,95,82,60,82,75,Trubbish,107
570,Zorua,5,Normal,Tricky Fox ,0.7,12.5,330,40,65,40,80,40,65,Zorua,12
571,Zoroark,5,Normal,Illusion Fox ,1.6,81.1,510,60,105,60,120,60,105,Zorua,12
572,Minccino,5,Normal,Chinchilla ,0.4,5.8,300,55,50,40,40,40,75,Minccino,100
573,Cinccino,5,Normal,Scarf ,0.5,7.5,470,75,95,60,65,60,115,Minccino,100
574,Gothita,5,Normal,Fixation ,0.4,5.8,290,45,30,50,55,65,45,Gothita,117
575,Gothorita,5,Normal,Manipulate ,0.7,18.0,390,60,45,70,75,85,55,Gothita,117
576,Gothitelle,5,Normal,Astral Body ,1.5,44.0,490,70,55,95,95,110,65,Gothita,117
577,Solosis,5,Normal,Cell ,0.3,1.0,290,45,30,40,105,50,20,Solosis,117
578,Duosion,5,Normal,Mitosis ,0.6,8.0,370,65,40,50,125,60,30,Solosis,117
579,Reuniclus,5,Normal,Multiplying ,1.0,20.1,490,110,65,75,125,85,30,Solosis,117
580,Ducklett,5,Normal,Water Bird ,0.5,5.5,305,62,44,50,44,50,55,Ducklett,153
581,Swanna,5,Normal,White Bird ,1.3,24.2,473,75,87,63,87,63,98,Ducklett,153
582,Vanillite,5,Normal,Fresh Snow ,0.4,5.7,305,36,50,50,65,60,44,Vanillite,94
583,Vanillish,5,Normal,Icy Snow ,1.1,41.0,395,51,65,65,80,75,59,Vanillite,94
584,Vanilluxe,5,Normal,Snowstorm ,1.3,57.5,535,71,95,85,110,95,79,Vanillite,94
585,Deerling,5,Normal,Season ,0.6,19.5,335,60,60,50,40,50,75,Deerling,103
586,Sawsbuck,5,Normal,Season ,1.9,92.5,475,80,100,70,60,70,95,Deerling,103
587,Emolga,5,Normal,Sky Squirrel ,0.4,5.0,428,55,75,60,75,60,103,Emolga,32
588,Karrablast,5,Normal,Clamping ,0.5,5.9,315,50,75,45,40,45,60,Karrablast,0
589,Escavalier,5,Normal,Cavalry ,1.0,33.0,495,70,135,105,60,105,20,Karrablast,4
590,Foongus,5,Normal,Mushroom ,0.2,1.0,294,69,55,45,55,55,15,Foongus,68
591,Amoonguss,5,Normal,Mushroom ,0.6,10.5,464,114,85,70,85,80,30,Foongus,68
592,Frillish,5,Normal,Floating ,1.2,33.0,335,55,40,50,65,85,40,Frillish,162
593,Jellicent,5,Normal,Floating ,2.2,135.0,480,100,60,70,85,105,60,Frillish,162
594,Alomomola,5,Normal,Caring ,1.2,31.6,470,165,75,80,40,45,65,Alomomola,148
595,Joltik,5,Normal,Attaching ,0.1,0.6,319,50,47,50,57,50,65,Joltik,8
596,Galvantula,5,Normal,EleSpider ,0.8,14.3,472,70,77,60,97,60,108,Joltik,8
597,Ferroseed,5,Normal,Thorn Seed ,0.6,18.8,305,44,50,91,24,86,10,Ferroseed,77
598,Ferrothorn,5,Normal,Thorn Pod ,1.0,110.0,489,74,94,131,54,116,20,Ferroseed,77
599,Klink,5,Normal,Gear ,0.3,21.0,300,40,55,70,45,60,30,Klink,144
600,Klang,5,Normal,Gear ,0.6,51.0,440,60,80,95,70,85,50,Klink,144
601,Klinklang,5,Normal,Gear ,0.6,81.0,520,60,100,115,70,85,90,Klink,144
602,Tynamo,5,Normal,EleFish ,0.2,0.3,275,35,55,40,45,40,60,Tynamo,29
603,Eelektrik,5,Normal,EleFish ,1.2,22.0,405,65,85,70,75,70,40,Tynamo,29
604,Eelektross,5,Normal,EleFish ,2.1,80.5,515,85,115,80,105,80,50,Tynamo,29
605,Elgyem,5,Normal,Cerebral ,0.5,9.0,335,55,55,55,85,55,30,Elgyem,117
606,Beheeyem,5,Normal,Cerebral ,1.0,34.5,485,75,75,75,125,95,40,Elgyem,117
607,Litwick,5,Normal,Candle ,0.3,3.1,275,50,30,55,65,55,20,Litwick,64
608,Lampent,5,Normal,Lamp ,0.6,13.0,370,60,40,60,95,60,55,Litwick,64
609,Chandelure,5,Normal,Luring ,1.0,34.3,520,60,55,90,145,90,80,Litwick,64
610,Axew,5,Normal,Tusk ,0.6,18.0,320,46,87,60,30,40,57,Axew,21
611,Fraxure,5,Normal,Axe Jaw ,1.0,36.0,410,66,117,70,40,50,67,Axew,21
612,Haxorus,5,Normal,Axe Jaw ,1.8,105.5,540,76,147,90,60,70,97,Axew,21
613,Cubchoo,5,Normal,Chill ,0.5,8.5,305,55,70,40,60,40,40,Cubchoo,94
614,Beartic,5,Normal,Freezing ,2.6,260.0,505,95,130,80,70,80,50,Cubchoo,94
615,Cryogonal,5,Normal,Crystallizing ,1.1,148.0,515,80,50,50,95,135,105,Cryogonal,94
616,Shelmet,5,Normal,Snail ,0.4,7.7,305,50,40,85,40,65,25,Shelmet,0
617,Accelgor,5,Normal,Shell Out ,0.8,25.3,495,80,70,40,100,60,145,Shelmet,0
618,Stunfisk,5,Normal,Trap ,0.7,11.0,471,109,66,84,81,99,32,Stunfisk,89
619,Mienfoo,5,Normal,Martial Arts ,0.9,20.0,350,45,85,50,55,50,65,Mienfoo,38
620,Mienshao,5,Normal,Martial Arts ,1.4,35.5,510,65,125,60,95,60,105,Mienfoo,38
621,Druddigon,5,Normal,Cave ,1.6,139.0,485,77,120,90,60,90,48,Druddigon,21
622,Golett,5,Normal,Automaton ,1.0,92.0,303,59,74,50,35,50,35,Golett,66
623,Golurk,5,Normal,Automaton ,2.8,330.0,483,89,124,80,55,80,55,Golett,66
624,Pawniard,5,Normal,Sharp Blade ,0.5,10.2,340,45,85,70,40,40,60,Pawniard,18
625,Bisharp,5,Normal,Sword Blade ,1.6,70.0,490,65,125,100,60,70,70,Pawniard,18
626,Bouffalant,5,Normal,Bash Buffalo ,1.6,94.6,490,95,110,95,40,95,55,Bouffalant,100
627,Rufflet,5,Normal,Eaglet ,0.5,10.5,350,70,83,50,37,50,60,Rufflet,97
628,Braviary,5,Normal,Valiant ,1.5,41.0,510,100,123,75,57,75,80,Rufflet,97
629,Vullaby,5,Normal,Diapered ,0.5,9.0,370,70,55,75,45,65,60,Vullaby,13
630,Mandibuzz,5,Normal,Bone Vulture ,1.2,39.5,510,110,65,105,55,95,80,Vullaby,13
631,Heatmor,5,Normal,Anteater ,1.4,58.0,484,85,97,66,105,66,65,Heatmor,44
632,Durant,5,Normal,Iron Ant ,0.3,33.0,484,58,109,112,48,48,109,Durant,4
633,Deino,5,Normal,Irate ,0.8,17.3,300,52,65,50,45,50,38,Deino,19
634,Zweilous,5,Normal,Hostile ,1.4,50.0,420,72,85,70,65,70,58,Deino,19
635,Hydreigon,5,Normal,Brutal ,1.8,160.0,600,92,105,90,125,90,98,Deino,19
636,Larvesta,5,Normal,Torch ,1.1,28.8,360,55,85,55,50,55,60,Larvesta,9
637,Volcarona,5,Normal,Sun ,1.6,46.0,550,85,60,65,135,105,100,Larvesta,9
638,Cobalion,5,Sub Legendary,Iron Will ,2.1,250.0,580,91,90,129,90,72,108,Cobalion,40
639,Terrakion,5,Sub Legendary,Cavern ,1.9,260.0,580,91,129,90,72,90,108,Terrakion,134
640,Virizion,5,Sub Legendary,Grassland ,2.0,200.0,580,91,90,72,90,129,108,Virizion,73
641,Tornadus,5,Sub Legendary,Cyclone ,1.5,63.0,580,79,115,70,125,80,111,Tornadus,57
642,Thundurus,5,Sub Legendary,Bolt Strike ,1.5,61.0,580,79,115,70,125,80,111,Tornadus,32
643,Reshiram,5,Legendary,Vast White ,3.2,330.0,680,100,120,100,150,120,90,Reshiram,25
644,Zekrom,5,Legendary,Deep Black ,2.9,345.0,680,100,150,120,120,100,90,Zekrom,26
645,Landorus,5,Sub Legendary,Abundance ,1.5,68.0,600,89,125,90,115,80,101,Landorus,84
646,Kyurem,5,Legendary,Boundary ,3.0,325.0,660,125,130,90,130,90,95,Kyurem,27
647,Keldeo,5,Mythical,Colt ,1.4,48.5,580,91,72,90,129,90,108,Keldeo,149
648,Meloetta,5,Mythical,Melody ,0.6,6.5,600,100,77,77,128,128,90,Meloetta,101
649,Genesect,5,Mythical,Paleozoic ,1.5,82.5,600,71,120,95,120,95,99,Genesect,4
650,Chespin,6,Normal,Spiny Nut ,0.4,9.0,313,56,61,65,48,45,38,Chespin,71
651,Quilladin,6,Normal,Spiny Armor ,0.7,29.0,405,61,78,95,56,58,57,Chespin,71
652,Chesnaught,6,Normal,Spiny Armor ,1.6,90.0,530,88,107,122,74,75,64,Chespin,73
653,Fennekin,6,Normal,Fox ,0.4,9.4,307,40,45,40,62,60,60,Fennekin,44
654,Braixen,6,Normal,Fox ,1.0,14.5,409,59,59,58,90,70,73,Fennekin,44
655,Delphox,6,Normal,Fox ,1.5,39.0,534,75,69,72,114,100,104,Fennekin,52
656,Froakie,6,Normal,Bubble Frog ,0.3,7.0,314,41,56,40,62,44,71,Froakie,148
657,Frogadier,6,Normal,Bubble Frog ,0.6,10.9,405,54,63,52,83,56,97,Froakie,148
658,Greninja,6,Normal,Ninja ,1.5,40.0,530,72,95,67,103,71,122,Froakie,160
659,Bunnelby,6,Normal,Digging ,0.4,5.0,237,38,36,38,32,36,57,Bunnelby,100
660,Diggersby,6,Normal,Digging ,1.0,42.4,423,85,56,77,50,77,78,Bunnelby,104
661,Fletchling,6,Normal,Tiny Robin ,0.3,1.7,278,45,50,43,40,38,62,Fletchling,97
662,Fletchinder,6,Normal,Ember ,0.7,16.0,382,62,73,55,56,52,84,Fletchling,45
663,Talonflame,6,Normal,Scorching ,1.2,24.5,499,78,81,71,74,69,126,Fletchling,45
664,Scatterbug,6,Normal,Scatterdust ,0.3,2.5,200,38,35,40,27,25,35,Scatterbug,0
665,Spewpa,6,Normal,Scatterdust ,0.3,8.4,213,45,22,60,27,30,29,Scatterbug,0
666,Vivillon,6,Normal,Scale ,1.2,17.0,411,80,52,50,90,50,89,Scatterbug,1
667,Litleo,6,Normal,Lion Cub ,0.6,13.5,369,62,50,58,73,54,72,Litleo,53
668,Pyroar,6,Normal,Royal ,1.5,81.5,507,86,68,72,109,66,106,Litleo,53
669,Flabebe,6,Normal,Single Bloom ,0.1,0.1,303,44,38,39,61,79,42,Flabebe,36
670,Floette,6,Normal,Single Bloom ,0.2,0.9,371,54,45,47,75,98,52,Flabebe,36
671,Florges,6,Normal,Garden ,1.1,10.0,552,78,65,68,112,154,75,Flabebe,36
672,Skiddo,6,Normal,Mount ,0.9,31.0,350,66,65,48,62,57,52,Skiddo,71
673,Gogoat,6,Normal,Mount ,1.7,91.0,531,123,100,62,97,81,68,Skiddo,71
674,Pancham,6,Normal,Playful ,0.6,8.0,348,67,82,62,46,48,43,Pancham,38
675,Pangoro,6,Normal,Daunting ,2.1,136.0,495,95,124,78,69,71,58,Pancham,17
676,Furfrou,6,Normal,Poodle ,1.2,28.0,472,75,80,60,65,90,102,Furfrou,100
677,Espurr,6,Normal,Restraint ,0.3,3.5,355,62,48,54,63,60,68,Espurr,117
678,Meowstic,6,Normal,Constraint ,0.6,8.5,466,74,48,76,83,81,104,Espurr,117
679,Honedge,6,Normal,Sword ,0.8,2.0,325,45,80,100,35,37,28,Honedge,147
680,Doublade,6,Normal,Sword ,0.8,4.5,448,59,110,150,45,49,35,Honedge,147
681,Aegislash,6,Normal,Royal Sword ,1.7,53.0,520,60,150,50,150,50,60,Honedge,147
682,Spritzee,6,Normal,Perfume ,0.2,0.5,341,78,52,60,63,65,23,Spritzee,36
683,Aromatisse,6,Normal,Fragrance ,0.8,15.5,462,101,72,72,99,89,29,Spritzee,36
684,Swirlix,6,Normal,Cotton Candy ,0.4,3.5,341,62,48,66,59,57,49,Swirlix,36
685,Slurpuff,6,Normal,Meringue ,0.8,5.0,480,82,80,86,85,75,72,Swirlix,36
686,Inkay,6,Normal,Revolving ,0.4,3.5,288,53,54,53,37,46,45,Inkay,20
687,Malamar,6,Normal,Overturning ,1.5,47.0,482,86,92,88,68,75,73,Inkay,20
688,Binacle,6,Normal,Two-Handed ,0.5,31.0,306,42,52,67,39,56,50,Binacle,126
689,Barbaracle,6,Normal,Collective ,1.3,96.0,500,72,105,115,54,86,68,Binacle,126
690,Skrelp,6,Normal,Mock Kelp ,0.5,7.3,320,50,60,60,60,60,30,Skrelp,114
691,Dragalge,6,Normal,Mock Kelp ,1.8,81.5,494,65,75,90,97,123,44,Skrelp,115
692,Clauncher,6,Normal,Water Gun ,0.5,8.3,330,50,53,62,58,63,44,Clauncher,148
693,Clawitzer,6,Normal,Howitzer ,1.3,35.3,500,71,73,88,120,89,59,Clauncher,148
694,Helioptile,6,Normal,Generator ,0.5,6.0,289,44,38,33,61,43,70,Helioptile,34
695,Heliolisk,6,Normal,Generator ,1.0,21.0,481,62,55,52,109,94,109,Helioptile,34
696,Tyrunt,6,Normal,Royal Heir ,0.8,26.0,362,58,89,77,45,45,48,Tyrunt,135
697,Tyrantrum,6,Normal,Despot ,2.5,270.0,521,82,121,119,69,59,71,Tyrunt,135
698,Amaura,6,Normal,Tundra ,1.3,25.2,362,77,59,50,67,63,46,Amaura,136
699,Aurorus,6,Normal,Tundra ,2.7,225.0,521,123,77,72,99,92,58,Amaura,136
700,Sylveon,6,Normal,Intertwining ,1.0,23.5,525,95,65,65,110,130,60,Eevee,36
701,Hawlucha,6,Normal,Wrestling ,0.8,21.5,500,78,92,75,74,63,118,Hawlucha,42
702,Dedenne,6,Normal,Antenna ,0.2,2.2,431,67,58,57,81,67,101,Dedenne,35
703,Carbink,6,Normal,Jewel ,0.3,5.7,500,50,50,150,50,150,50,Carbink,137
704,Goomy,6,Normal,Soft Tissue ,0.3,2.8,300,45,50,35,55,75,40,Goomy,21
705,Sliggoo,6,Normal,Soft Tissue ,0.8,17.5,452,68,75,53,83,113,60,Goomy,21
706,Goodra,6,Normal,Dragon ,2.0,150.5,600,90,100,70,110,150,80,Goomy,21
707,Klefki,6,Normal,Key Ring ,0.2,3.0,470,57,80,91,80,87,75,Klefki,141
708,Phantump,6,Normal,Stump ,0.4,7.0,309,43,70,48,50,60,38,Phantump,65
709,Trevenant,6,Normal,Elder Tree ,1.5,71.0,474,85,110,76,65,82,56,Phantump,65
710,Pumpkaboo,6,Normal,Pumpkin ,0.4,5.0,335,49,66,70,44,55,51,Pumpkaboo,65
711,Gourgeist,6,Normal,Pumpkin ,0.9,12.5,494,65,90,122,58,75,84,Pumpkaboo,65
712,Bergmite,6,Normal,Ice Chunk ,1.0,99.5,304,55,69,85,32,35,28,Bergmite,94
713,Avalugg,6,Normal,Iceberg ,2.0,505.0,514,95,117,184,44,46,28,Bergmite,94
714,Noibat,6,Normal,Sound Wave ,0.5,8.0,245,40,30,35,45,40,55,Noibat,23
715,Noivern,6,Normal,Sound Wave ,1.5,85.0,535,85,70,80,97,80,123,Noibat,23
716,Xerneas,6,Legendary,Life ,3.0,215.0,680,126,131,95,131,98,99,Xerneas,36
717,Yveltal,6,Legendary,Destruction ,5.8,203.0,680,126,131,95,131,98,99,Yveltal,13
718,Zygarde,6,Legendary,Order ,4.5,610.0,708,216,100,121,91,95,85, Zygarde,24
719,Diancie,6,Mythical,Jewel ,0.7,8.8,600,50,100,150,100,150,50,Diancie,137
720,Hoopa,6,Mythical,Mischief ,0.5,9.0,600,80,110,60,150,130,70,Hoopa,123
721,Volcanion,6,Mythical,Steam ,1.7,195.0,600,80,110,120,130,90,70,Volcanion,54
722,Rowlet,7,Normal,Grass Quill ,0.3,1.5,320,68,55,55,50,50,42,Rowlet,70
723,Dartrix,7,Normal,Blade Quill ,0.7,16.0,420,78,75,75,70,70,52,Rowlet,70
724,Decidueye,7,Normal,Arrow Quill ,1.6,36.6,530,78,107,75,100,100,70,Rowlet,65
725,Litten,7,Normal,Fire Cat ,0.4,4.3,320,45,65,40,60,40,70,Litten,44
726,Torracat,7,Normal,Fire Cat ,0.7,25.0,420,65,85,50,80,50,90,Litten,44
727,Incineroar,7,Normal,Heel ,1.8,83.0,530,95,115,90,80,90,60,Litten,15
728,Popplio,7,Normal,Sea Lion ,0.4,7.5,320,50,54,54,66,56,40,Popplio,148
729,Brionne,7,Normal,Pop Star ,0.6,17.5,420,60,69,69,91,81,50,Popplio,148
730,Primarina,7,Normal,Soloist ,1.8,44.0,530,80,74,74,126,116,60,Popplio,155
731,Pikipek,7,Normal,Woodpecker ,0.3,1.2,265,35,75,30,30,30,65,Pikipek,97
732,Trumbeak,7,Normal,Bugle Beak ,0.6,14.8,355,55,85,50,40,50,75,Pikipek,97
733,Toucannon,7,Normal,Cannon ,1.1,26.0,485,80,120,75,75,75,60,Pikipek,97
734,Yungoos,7,Normal,Loitering ,0.4,6.0,253,48,70,30,30,30,45,Yungoos,100
735,Gumshoos,7,Normal,Stakeout ,0.7,14.2,418,88,110,60,55,60,45,Yungoos,100
736,Grubbin,7,Normal,Larva ,0.4,4.4,300,47,62,45,55,45,46,Grubbin,0
737,Charjabug,7,Normal,Battery ,0.5,10.5,400,57,82,95,55,75,36,Grubbin,8
738,Vikavolt,7,Normal,Stag Beetle ,1.5,45.0,500,77,70,90,145,75,43,Grubbin,8
739,Crabrawler,7,Normal,Boxing ,0.6,7.0,338,47,82,57,42,47,63,Crabrawler,38
740,Crabominable,7,Normal,Woolly Crab ,1.7,180.0,478,97,132,77,62,67,43,Crabrawler,43
741,Oricorio,7,Normal,Dancing ,0.6,3.4,476,75,70,70,98,70,93, Oricorio,45
742,Cutiefly,7,Normal,Bee Fly ,0.1,0.2,304,40,45,40,55,40,84,Cutiefly,10
743,Ribombee,7,Normal,Bee Fly ,0.2,0.5,464,60,55,60,95,70,124,Cutiefly,10
744,Rockruff,7,Normal,Puppy ,0.5,9.2,280,45,65,40,30,40,60,Rockruff,128
745,Lycanroc,7,Normal,Wolf ,0.8,25.0,487,75,115,65,55,65,112,Rockruff,128
746,Wishiwashi,7,Normal,Small Fry ,0.2,0.3,175,45,20,20,25,25,40,Wishiwashi,148
747,Mareanie,7,Normal,Brutal Star ,0.4,8.0,305,50,53,62,43,52,45,Mareanie,114
748,Toxapex,7,Normal,Brutal Star ,0.7,14.5,495,50,63,152,53,142,35,Mareanie,114
749,Mudbray,7,Normal,Donkey ,1.0,110.0,385,70,100,70,45,55,45,Mudbray,81
750,Mudsdale,7,Normal,Draft Horse ,2.5,920.0,500,100,125,100,55,85,35,Mudbray,81
751,Dewpider,7,Normal,Water Bubble ,0.3,4.0,269,38,40,52,40,72,27,Dewpider,11
752,Araquanid,7,Normal,Water Bubble ,1.8,82.0,454,68,70,92,50,132,42,Dewpider,11
753,Fomantis,7,Normal,Sickle Grass ,0.3,1.5,250,40,55,35,50,35,35,Fomantis,71
754,Lurantis,7,Normal,Bloom Sickle ,0.9,18.5,480,70,105,90,80,90,45,Fomantis,71
755,Morelull,7,Normal,Illuminating ,0.2,1.5,285,40,35,55,65,75,15,Morelull,76
756,Shiinotic,7,Normal,Illuminating ,1.0,11.5,405,60,45,80,90,100,30,Morelull,76
757,Salandit,7,Normal,Toxic Lizard ,0.6,4.8,320,48,44,40,71,40,77,Salandit,116
758,Salazzle,7,Normal,Toxic Lizard ,1.2,22.2,480,68,64,60,111,60,117,Salandit,116
759,Stufful,7,Normal,Flailing ,0.5,6.8,340,70,75,50,45,50,50,Stufful,105
760,Bewear,7,Normal,Strong Arm ,2.1,135.0,500,120,125,80,55,60,60,Stufful,105
761,Bounsweet,7,Normal,Fruit ,0.3,3.2,210,42,30,38,30,38,32,Bounsweet,71
762,Steenee,7,Normal,Fruit ,0.7,8.2,290,52,40,48,40,48,62,Bounsweet,71
763,Tsareena,7,Normal,Fruit ,1.2,21.4,510,72,120,98,50,98,72,Bounsweet,71
764,Comfey,7,Normal,Posy Picker ,0.1,0.3,485,51,52,90,82,110,100,Comfey,36
765,Oranguru,7,Normal,Sage ,1.5,76.0,490,90,60,80,90,110,60,Oranguru,101
766,Passimian,7,Normal,Teamwork ,2.0,82.8,490,100,120,90,40,60,80,Passimian,38
767,Wimpod,7,Normal,Turn Tail ,0.5,12.0,230,25,35,40,20,30,80,Wimpod,11
768,Golisopod,7,Normal,Hard Scale ,2.0,108.0,530,75,125,140,60,90,40,Wimpod,11
769,Sandygast,7,Normal,Sand Heap ,0.5,70.0,320,55,55,80,70,45,15,Sandygast,66
770,Palossand,7,Normal,Sand Castle ,1.3,250.0,480,85,75,110,100,75,35,Sandygast,66
771,Pyukumuku,7,Normal,Sea Cucumber ,0.3,1.2,410,55,60,130,30,130,5,Pyukumuku,148
772,Type: Null,7,Sub Legendary,Synthetic ,1.9,120.5,534,95,95,95,95,95,59,Type: Null,100
773,Silvally,7,Sub Legendary,Synthetic ,2.3,100.5,570,95,95,95,95,95,95,Type: Null,100
774,Minior,7,Normal,Meteor ,0.3,40.0,440,60,60,100,60,100,60,Minior,127
775,Komala,7,Normal,Drowsing ,0.4,19.9,480,65,115,65,75,95,65,Komala,100
776,Turtonator,7,Normal,Blast Turtle ,2.0,212.0,485,60,78,135,91,85,36,Turtonator,25
777,Togedemaru,7,Normal,Roly-Poly ,0.3,3.3,435,65,98,63,40,73,96,Togedemaru,31
778,Mimikyu,7,Normal,Disguise ,0.2,0.7,476,55,90,80,50,105,96,Mimikyu,67
779,Bruxish,7,Normal,Gnash Teeth ,0.9,19.0,475,68,105,70,70,70,92,Bruxish,151
780,Drampa,7,Normal,Placid ,3.0,185.0,485,78,60,85,135,91,36,Drampa,106
781,Dhelmise,7,Normal,Sea Creeper ,3.9,210.0,517,70,131,100,86,90,40,Dhelmise,65
782,Jangmo-o,7,Normal,Scaly ,0.6,29.7,300,45,55,65,45,45,45,Jangmo-o,21
783,Hakamo-o,7,Normal,Scaly ,1.2,47.0,420,55,75,90,65,70,65,Jangmo-o,28
784,Kommo-o,7,Normal,Scaly ,1.6,78.2,600,75,110,125,100,105,85,Jangmo-o,28
785,Tapu Koko,7,Sub Legendary,Land Spirit ,1.8,20.5,570,70,115,85,95,75,130,Tapu Koko,35
786,Tapu Lele,7,Sub Legendary,Land Spirit ,1.2,18.6,570,70,85,75,130,115,95,Tapu Lele,118
787,Tapu Bulu,7,Sub Legendary,Land Spirit ,1.9,45.5,570,70,130,115,85,95,75,Tapu Bulu,76
788,Tapu Fini,7,Sub Legendary,Land Spirit ,1.3,21.2,570,70,75,115,95,130,85,Tapu Fini,155
789,Cosmog,7,Legendary,Nebula ,0.2,0.1,200,43,29,31,29,31,37,Cosmog,117
790,Cosmoem,7,Legendary,Protostar ,0.1,999.9,400,43,29,131,29,131,37,Cosmog,117
791,Solgaleo,7,Legendary,Sunne ,3.4,230.0,680,137,137,107,113,89,97,Cosmog,124
792,Lunala,7,Legendary,Moone ,4.0,120.0,680,137,113,89,137,107,97,Cosmog,123
793,Nihilego,7,Sub Legendary,Parasite ,1.2,55.5,570,109,53,47,127,131,103,Nihilego,138
794,Buzzwole,7,Sub Legendary,Swollen ,2.4,333.6,570,107,139,139,53,53,79,Buzzwole,164
795,Pheromosa,7,Sub Legendary,Lissome ,1.8,25.0,570,71,137,37,137,37,151,Pheromosa,164
796,Xurkitree,7,Sub Legendary,Glowing ,3.8,100.0,570,83,89,71,173,71,83,Xurkitree,29
797,Celesteela,7,Sub Legendary,Launch ,9.2,999.9,570,97,101,103,107,101,61,Celesteela,140
798,Kartana,7,Sub Legendary,Drawn Sword ,0.3,0.1,570,59,181,131,59,31,109,Kartana,77
799,Guzzlord,7,Sub Legendary,Junkivore ,5.5,888.0,570,223,101,53,97,53,43,Guzzlord,19
800,Necrozma,7,Legendary,Prism ,2.4,230.0,600,97,107,101,127,89,79,Necrozma,117
801,Magearna,7,Mythical,Artificial ,1.0,80.5,600,80,95,115,130,115,65,Magearna,141
802,Marshadow,7,Mythical,Gloomdweller ,0.7,22.2,600,90,125,80,90,90,125,Marshadow,166
803,Poipole,7,Sub Legendary,Poison Pin ,0.6,1.8,420,67,73,67,73,67,73,Poipole,107
804,Naganadel,7,Sub Legendary,Poison Pin ,3.6,150.0,540,73,73,73,127,73,121,Poipole,115
805,Stakataka,7,Sub Legendary,Rampart ,5.5,820.0,570,61,131,211,53,101,13,Stakataka,133
806,Blacephalon,7,Sub Legendary,Fireworks ,1.8,13.0,570,53,127,53,151,79,107,Blacephalon,64
807,Zeraora,7,Mythical,Thunderclap ,1.5,44.5,600,88,112,75,102,80,143,Zeraora,29
808,Meltan,7,Mythical,Hex Nut ,0.2,8.0,300,46,65,65,55,35,34,Meltan,144
809,Melmetal,7,Mythical,Hex Nut ,2.5,800.0,600,135,143,143,80,65,34,Meltan,144
810,Grookey,8,Normal,Chimp ,0.3,5.0,310,50,65,50,40,40,65,Grookey,71
811,Thwackey,8,Normal,Beat ,0.7,14.0,420,70,85,70,55,60,80,Grookey,71
812,Rillaboom,8,Normal,Drummer ,2.1,90.0,530,100,125,90,60,70,85,Grookey,71
813,Scorbunny,8,Normal,Rabbit ,0.3,4.5,310,50,71,40,40,40,69,Scorbunny,44
814,Raboot,8,Normal,Rabbit ,0.6,9.0,420,65,86,60,55,60,94,Scorbunny,44
815,Cinderace,8,Normal,Striker ,1.4,33.0,530,80,116,75,65,75,119,Scorbunny,44
816,Sobble,8,Normal,Water Lizard ,0.3,4.0,310,50,40,40,70,40,70,Sobble,148
817,Drizzile,8,Normal,Water lizard ,0.7,11.5,420,65,60,55,95,55,90,Sobble,148
818,Inteleon,8,Normal,Secret Agent ,1.9,45.2,530,70,85,65,125,65,120,Sobble,148
819,Skwovet,8,Normal,Cheeky ,0.3,2.5,275,70,55,55,35,35,25,Skwovet,100
820,Greedent,8,Normal,Greedy ,0.6,6.0,460,120,95,95,55,75,20,Skwovet,100
821,Rookidee,8,Normal,Tiny Bird ,0.2,1.8,245,38,47,35,33,35,57,Rookidee,57
822,Corvisquire,8,Normal,Raven ,0.8,16.0,365,68,67,55,43,55,77,Rookidee,57
823,Corviknight,8,Normal,Raven ,2.2,75.0,495,98,87,105,53,85,67,Rookidee,140
824,Blipbug,8,Normal,Larva ,0.4,8.0,180,25,20,20,25,45,45,Blipbug,0
825,Dottler,8,Normal,Radome ,0.4,19.5,335,50,35,80,50,90,30,Blipbug,169
826,Orbeetle,8,Normal,Seven Spot ,0.4,40.8,505,60,45,110,80,120,90,Blipbug,169
827,Nickit,8,Normal,Fox ,0.6,8.9,245,40,28,28,47,52,50,Nickit,12
828,Thievul,8,Normal,Fox ,1.2,19.9,455,70,58,58,87,92,90,Nickit,12
829,Gossifleur,8,Normal,Flowering ,0.4,2.2,250,40,40,60,40,60,10,Gossifleur,71
830,Eldegoss,8,Normal,Cotton Bloom ,0.5,2.5,460,60,50,90,80,120,60,Gossifleur,71
831,Wooloo,8,Normal,Sheep ,0.6,6.0,270,42,40,55,40,45,48,Wooloo,100
832,Dubwool,8,Normal,Sheep ,1.3,43.0,490,72,80,100,60,90,88,Wooloo,100
833,Chewtle,8,Normal,Snapping ,0.3,8.5,284,50,64,50,38,38,44,Chewtle,148
834,Drednaw,8,Normal,Bite ,1.0,115.5,485,90,115,90,48,68,74,Chewtle,126
835,Yamper,8,Normal,Puppy ,0.3,13.5,270,59,45,50,40,50,26,Yamper,29
836,Boltund,8,Normal,Dog ,1.0,34.0,490,69,90,60,90,60,121,Yamper,29
837,Rolycoly,8,Normal,Coal ,0.3,12.0,240,30,40,50,40,50,30,Rolycoly,128
838,Carkol,8,Normal,Coal ,1.1,78.0,410,80,60,90,60,70,50,Rolycoly,47
839,Coalossal,8,Normal,Coal ,2.8,310.5,510,110,80,120,80,90,30,Rolycoly,47
840,Applin,8,Normal,Apple Core ,0.2,0.5,260,40,40,80,40,40,20,Applin,171
841,Flapple,8,Normal,Apple Wing ,0.3,1.0,485,70,110,80,95,60,70,Applin,171
842,Appletun,8,Normal,Apple Nectar ,0.4,13.0,485,110,85,80,100,80,30,Applin,171
843,Silicobra,8,Normal,Sand Snake ,2.2,7.6,315,52,57,75,35,50,46,Silicobra,81
844,Sandaconda,8,Normal,Sand Snake ,3.8,65.5,510,72,107,125,65,70,71,Silicobra,81
845,Cramorant,8,Normal,Gulp ,0.8,18.0,475,70,85,55,85,95,85,Cramorant,153
846,Arrokuda,8,Normal,Rush ,0.5,1.0,280,41,63,40,40,30,66,Arrokuda,148
847,Barraskewda,8,Normal,Skewer ,1.3,30.0,490,61,123,60,60,50,136,Arrokuda,148
848,Toxel,8,Normal,Baby ,0.4,11.0,242,40,38,35,54,35,40,Toxel,173
849,Toxtricity,8,Normal,Punk ,1.6,40.0,502,75,98,70,114,70,75,Toxel,173
850,Sizzlipede,8,Normal,Radiator ,0.7,1.0,305,50,65,45,50,50,45,Sizzlipede,9
851,Centiskorch,8,Normal,Radiator ,3.0,120.0,525,100,115,65,90,90,65,Sizzlipede,9
852,Clobbopus,8,Normal,Tantrum ,0.6,4.0,310,50,68,60,50,50,32,Clobbopus,38
853,Grapploct,8,Normal,Tantrum ,1.6,39.0,480,80,118,90,70,80,42,Clobbopus,38
854,Sinistea,8,Normal,Black Tea ,0.1,0.2,308,40,45,45,74,54,50,Sinistea,60
855,Polteageist,8,Normal,Black Tea ,0.2,0.4,508,60,65,65,134,114,70,Sinistea,60
856,Hatenna,8,Normal,Calm ,0.4,3.4,265,42,30,45,56,53,39,Hatenna,117
857,Hattrem,8,Normal,Serene ,0.6,4.8,370,57,40,65,86,73,49,Hatenna,117
858,Hatterene,8,Normal,Silent ,2.1,5.0,510,57,90,95,136,103,29,Hatenna,118
859,Impidimp,8,Normal,Wily ,0.4,5.5,265,45,45,30,55,40,50,Impidimp,175
860,Morgrem,8,Normal,Devious ,0.8,12.5,370,65,60,45,75,55,70,Impidimp,175
861,Grimmsnarl,8,Normal,Bulk Up ,1.5,61.0,510,95,120,65,95,75,60,Impidimp,175
862,Obstagoon,8,Normal,Blocking ,1.6,46.0,520,93,90,101,60,81,95,Zigzagoon,98
863,Perrserker,8,Normal,Viking ,0.8,28.0,440,70,110,100,50,60,50,Meowth,144
864,Cursola,8,Normal,Coral ,1.0,0.4,510,60,95,50,145,130,30,Stantler,60
865,Sirfetch'd,8,Normal,Wild Duck ,0.8,117.0,507,62,135,95,68,82,65,Farfetch'd,38
866,Mr. Rime,8,Normal,Comedian ,1.5,58.2,520,80,85,75,110,100,70,Mr. Mime,91
867,Runerigus,8,Normal,Grudge ,1.6,66.6,483,58,95,145,50,105,30,Yamask,66
868,Milcery,8,Normal,Cream ,0.2,0.3,270,45,40,40,50,61,34,Milcery,36
869,Alcremie,8,Normal,Cream ,0.3,0.5,495,65,60,75,110,121,64,Milcery,36
870,Falinks,8,Normal,Formation ,3.0,62.0,470,65,100,100,70,60,75,Falinks,38
871,Pincurchin,8,Normal,Sea Urchin ,0.3,1.0,435,48,101,95,91,85,15,Pincurchin,29
872,Snom,8,Normal,Worm ,0.3,3.8,185,30,25,35,45,30,20,Snom,178
873,Frosmoth,8,Normal,Frost Moth ,1.3,42.0,475,70,65,60,125,90,65,Snom,178
874,Stonjourner,8,Normal,Big Rock ,2.5,520.0,470,100,125,135,20,20,70,Stonjourner,128
875,Eiscue ,8,Normal,Penguin ,1.4,89.0,470,75,80,110,65,90,50,Eiscue,94
876,Indeedee,8,Normal,Emotion ,0.9,28.0,475,60,65,55,105,95,95,Indeedee ,101
877,Morpeko,8,Normal,Two-Sided ,0.3,3.0,436,58,95,58,70,58,97, Morpeko,180
878,Cufant,8,Normal,Copperderm ,1.2,100.0,330,72,80,49,40,49,40,Cufant,144
879,Copperajah,8,Normal,Copperderm ,3.0,650.0,500,122,130,69,80,69,30,Cufant,144
880,Dracozolt,8,Normal,Fossil ,1.8,190.0,505,90,100,90,80,70,75,Dracozolt,26
881,Arctozolt,8,Normal,Fossil ,2.3,150.0,505,90,100,90,90,80,55,Arctozolt,182
882,Dracovish,8,Normal,Fossil ,2.3,215.0,505,90,90,100,70,80,75,Dracovish,158
883,Arctovish,8,Normal,Fossil ,2.0,175.0,505,90,90,100,80,90,55,Arctovish,95
884,Duraludon,8,Normal,Alloy ,1.8,40.0,535,70,95,115,120,50,85,Duraludon,145
885,Dreepy,8,Normal,Lingering ,0.5,2.0,270,28,60,30,40,30,82,Dreepy,63
886,Drakloak,8,Normal,Caretaker ,1.4,11.0,410,68,80,50,60,50,102,Dreepy,63
887,Dragapult,8,Normal,Stealth ,3.0,50.0,600,88,120,75,100,75,142,Dreepy,63
888,Zacian,8,Legendary,Warrior ,2.8,355.0,720,92,170,115,80,115,148,Zacian,184
889,Zamazenta,8,Legendary,Warrior ,2.9,785.0,720,92,130,145,80,145,128,Zamazenta,40
890,Eternatus,8,Legendary,Gigantic ,20.0,950.0,690,140,85,95,145,95,130,Eternatus,115
