tr_id,Name
1,Acerola
2,Agatha
3,Alder
4,Barry
5,Bianca
6,Blaine
7,Blue
8,Brawly
9,Brendan
10,Brock
11,Bruno
12,Brycen
13,Bugsy
14,Burgh
15,Caitlin
16,Calem
17,Candice
18,Cheren
19,Cheryl
20,Clair
21,Clay
22,Clemont
23,Crasher Wake
24,Cynthia
25,Cyrus
26,Dawn
27,Diantha
28,Drake
29,Elesa
30,Erika
31,Ethan
32,Fantina
33,Flannery
34,Flint
35,Gardenia
36,Giovanni
37,Glacia
38,Gladion
39,Gloria
40,Grant
41,Grimsley
42,Guzma
43,Hapu
44,Hau
45,Hilbert
46,Hilda
47,Iris
48,James
49,Janine
50,Jasmine
51,Jessie
52,Kahili
53,Karen
54,Koga
55,Korrina
56,Kris
57,Lance
58,Leaf
59,Lear
60,Leon
61,Lillie
62,Lisia
63,Liza
64,Lorelei
65,Lt. Surge
66,Lucy
67,Lusamine
68,Lyra
69,Lysandre
70,Mallow
71,Marley
72,Marlon
73,Marnie
74,Marshal
75,May
76,Maylene
77,Mina
78,Misty
79,Molayne
80,Morty
81,N
82,Nanu
83,Nate
84,Noland
85,Norman
86,Olivia
87,Phoebe
88,Piers
89,Plumeria
90,Professor Kukui
91,Professor Oak
92,Professor Sycamore
93,Pryce
94,Rachel
95,Ramos
96,Red
97,Roark
98,Rosa
99,Roxanne
100,Roxie
101,Sabrina
102,Sawyer
103,Serena
104,Shauntal
105,Siebold
106,Silver
107,Skyla
108,Sophocles
109,Steven
110,Tate
111,Thorton
112,Valerie
113,Viola
114,Volkner
115,Wallace
116,Wally
117,Whitney
118,Wikstrom
119,Will
120,Winona
121,Wulfric
122,Zinnia
