family_id,family
1,Bulbasaur
4,Charmander
7,Squirtle
10,Caterpie
13,Weedle
16,Pidgey
19,Rattata
21,Spearow
23,Ekans
25,Pikachu
27,Sandshrew
29,Nidoran
35,Clefairy
37,Vulpix
39,Jigglypuff
41,Zubat
43,Oddish
46,Paras
48,Venonat
50,Diglett
52,Meowth
54,Psyduck
56,Mankey
58,Growlithe
60,Poliwag
63,Abra
66,Machop
69,Bellsprout
72,Tentacool
74,Geodude
77,Ponyta
79,Slowpoke
81,Magnemite
83,Farfetch'd
84,Doduo
86,Seel
88,Grimer
90,Shellder
92,Gastly
95,Onix
96,Drowzee
98,Krabby
100,Voltorb
102,Exeggcute
104,Cubone
106,Hitmon
108,Lickitung
109,Koffing
111,Rhyhorn
113,Chansey
114,Tangela
115,Kangaskhan
116,Horsea
118,Goldeen
120,Staryu
122,Mr. Mime
123,Scyther
124,Jynx
125,Electabuzz
126,Magmar
127,Pinsir
128,Tauros
129,Magikarp
131,Lapras
132,Ditto
133,Eevee
137,Porygon
138,Omanyte
140,Kabuto
142,Aerodactyl
143,Snorlax
144,Articuno
145,Zapdos
146,Moltres
147,Dratini
150,Mewtwo
151,Mew
152,Chikorita
155,Cyndaquil
158,Totodile
161,Sentret
163,Hoothoot
165,Ledyba
167,Spinarak
170,Chinchou
175,Togepi
177,Natu
179,Mareep
183,Marill
185,Sudowoodo
187,Hoppop
188,Hoppip
190,Aipom
191,Sunkern
193,Yanma
194,Wooper
198,Murkrow
200,Misdreavus
201,Unown
202,Wobbuffet
203,Girafarig
204,Pineco
206,Dunsparce
207,Gligar
209,Snubbull
211,Swilfish
213,Shuckle
214,Heracross
215,Sneasel
216,Teddiursa
218,Slugma
220,Swinub
222,Corsola
223,Remoraid
225,Delibird
226,Mantine
227,Skarmory
228,Houndour
231,Phanpy
234,Stantler
235,Smeargle
241,Miltank
243,Raikou
244,Entei
245,Suicune
246,Larvitar
249,Lugia
250,Ho-oh
251,Celebi
252,Treecko
255,Torchic
258,Mudkip
259,Mudkio
261,Poochyena
263,Zigzagoon
265,Wurmple
270,Lotad
273,Seedot
276,Taillow
278,Wingull
280,Ralts
283,Surskit
285,Shroomish
287,Slakoth
290,Nincada
293,Whismur
296,Makuhita
299,Nosepass
300,Skitty
302,Sableye
303,Mawile
304,Aron
307,Meditite
309,Electrike
311,Plusle
312,Minun
313,Volbeat
314,Illumise
315,Roselia
316,Gulpin
318,Carvanha
320,Wailmer
322,Numel
324,Torkoal
325,Spoink
327,Spinda
328,Trapinch
331,Cacnea
333,Swablu
335,Zangoose
336,Seviper
337,Lunatone
338,Solrock
339,Barboach
341,Corphish
343,Baltoy
345,Lileep
347,Anorith
349,Feebas
351,Castform
352,Kecleon
353,Shuppet
355,Duskull
357,Tropius
358,Chimecho
359,Absol
361,Snorunt
363,Spheal
366,Clamperl
369,Relicanth
370,Luvdisc
371,Bagon
374,Beldum
377,Regirock
378,Regice
379,Registeel
380,Latias
381,Latios
382,Kyogre
383,Groudon
384,Rayquaza
385,Jirachi
386,Deoxys
387,Turtwig
390,Chimchar
393,Piplup
396,Starly
399,Bidoof
401,Kricketot
403,Shinx
408,Cranidos
410,Shieldon
412,Burmy
415,Combee
417,Pachirisu
418,Buizel
420,Cherubi
422,Shellos
425,Drifloon
427,Buneary
431,Glameow
434,Stunky
436,Bronzor
441,Chatot
442,Spiritomb
443,Gible
447,Riolu
449,Hippopotas
451,Skorupi
453,Croagunk
454,Coagunk
455,Carnivine
456,Finneon
459,Snover
479,Rotom
480,Uxie
481,Mesprit
482,Azelf
483,Dialga
484,Palkia
485,Heatran
486,Regigigas
487,Giratina
488,Cresselia
489,Manaphy
491,Darkrai
492,Shaymin
493,Arceus
494,Victini
495,Snivy
498,Tepig
501,Oshawott
504,Patrat
506,Lillipup
509,Purrloin
511,Pansage
513,Pansear
515,Panpour
517,Munna
519,Pidove
522,Blitzle
524,Roggenrola
527,Woobat
529,Drilbur
531,Audino
532,Timburr
535,Tympole
537,Tymple
538,Throh
539,Sawk
540,Sewaddle
543,Venipede
546,Cottonee
548,Petilil
550,Basculin
551,Sandile
554,Darumaka
556,Maractus
557,Dwebble
559,Scraggy
561,Sigilyph
562,Yamask
564,Tirtouga
566,Archen
568,Trubbish
570,Zorua
572,Minccino
574,Gothita
577,Solosis
580,Ducklett
582,Vanillite
585,Deerling
587,Emolga
588,Karrablast
590,Foongus
592,Frillish
594,Alomomola
595,Joltik
597,Ferroseed
599,Klink
602,Tynamo
605,Elgyem
607,Litwick
610,Axew
613,Cubchoo
615,Cryogonal
616,Shelmet
618,Stunfisk
619,Mienfoo
621,Druddigon
622,Golett
624,Pawniard
626,Bouffalant
627,Rufflet
629,Vullaby
631,Heatmor
632,Durant
633,Deino
636,Larvesta
638,Cobalion
639,Terrakion
640,Virizion
641,Tornadus
643,Reshiram
644,Zekrom
645,Landorus
646,Kyurem
647,Keldeo
648,Meloetta
649,Genesect
650,Chespin
653,Fennekin
656,Froakie
659,Bunnelby
661,Fletchling
664,Scatterbug
667,Litleo
669,Flabebe
672,Skiddo
674,Pancham
676,Furfrou
677,Espurr
679,Honedge
682,Spritzee
684,Swirlix
686,Inkay
688,Binacle
690,Skrelp
692,Clauncher
694,Helioptile
696,Tyrunt
698,Amaura
701,Hawlucha
702,Dedenne
703,Carbink
704,Goomy
707,Klefki
708,Phantump
710,Pumpkaboo
712,Bergmite
714,Noibat
716,Xerneas
717,Yveltal
718, Zygarde
719,Diancie
720,Hoopa
721,Volcanion
722,Rowlet
725,Litten
728,Popplio
731,Pikipek
734,Yungoos
736,Grubbin
739,Crabrawler
741, Oricorio
742,Cutiefly
744,Rockruff
746,Wishiwashi
747,Mareanie
749,Mudbray
751,Dewpider
753,Fomantis
755,Morelull
757,Salandit
759,Stufful
761,Bounsweet
764,Comfey
765,Oranguru
766,Passimian
767,Wimpod
769,Sandygast
771,Pyukumuku
772,Type: Null
774,Minior
775,Komala
776,Turtonator
777,Togedemaru
778,Mimikyu
779,Bruxish
780,Drampa
781,Dhelmise
782,Jangmo-o
785,Tapu Koko
786,Tapu Lele
787,Tapu Bulu
788,Tapu Fini
789,Cosmog
793,Nihilego
794,Buzzwole
795,Pheromosa
796,Xurkitree
797,Celesteela
798,Kartana
799,Guzzlord
800,Necrozma
801,Magearna
802,Marshadow
803,Poipole
805,Stakataka
806,Blacephalon
807,Zeraora
808,Meltan
810,Grookey
813,Scorbunny
816,Sobble
819,Skwovet
821,Rookidee
824,Blipbug
827,Nickit
829,Gossifleur
831,Wooloo
833,Chewtle
835,Yamper
837,Rolycoly
840,Applin
843,Silicobra
845,Cramorant
846,Arrokuda
848,Toxel
850,Sizzlipede
852,Clobbopus
854,Sinistea
856,Hatenna
859,Impidimp
868,Milcery
870,Falinks
871,Pincurchin
872,Snom
874,Stonjourner
875,Eiscue
876,Indeedee 
877, Morpeko
878,Cufant
880,Dracozolt
881,Arctozolt
882,Dracovish
883,Arctovish
884,Duraludon
885,Dreepy
888,Zacian
889,Zamazenta
890,Eternatus
