Pokedex,Name,Generation,Status,Species,Type_1,Type_2,Height,Weight,Ability_1,Ability_2,Ability_Hidden,Total_Points,HP,Attack,Defense,Special_Attack,Special_Defense,Speed,Family
1,Bulbasaur,1,Normal,Seed ,Grass,Poison,0.7,6.9,Overgrow,,Chlorophyll,318,45,49,49,65,65,45,
2,Ivysaur,1,Normal,Seed ,Grass,Poison,1,13,Overgrow,,Chlorophyll,405,60,62,63,80,80,60,
3,Venusaur,1,Normal,Seed ,Grass,Poison,2,100,Overgrow,,Chlorophyll,525,80,82,83,100,100,80,
4,Charmander,1,Normal,Lizard ,Fire,,0.6,8.5,Blaze,,Solar Power,309,39,52,43,60,50,65,
5,Charmeleon,1,Normal,Flame ,Fire,,1.1,19,Blaze,,Solar Power,405,58,64,58,80,65,80,
6,Charizard,1,Normal,Flame ,Fire,Flying,1.7,90.5,Blaze,,Solar Power,534,78,84,78,109,85,100,
7,Squirtle,1,Normal,Tiny Turtle ,Water,,0.5,9,Torrent,,Rain Dish,314,44,48,65,50,64,43,
8,Wartortle,1,Normal,Turtle ,Water,,1,22.5,Torrent,,Rain Dish,405,59,63,80,65,80,58,
9,Blastoise,1,Normal,Shellfish ,Water,,1.6,85.5,Torrent,,Rain Dish,530,79,83,100,85,105,78,
10,Caterpie,1,Normal,Worm ,Bug,,0.3,2.9,Shield Dust,,Run Away,195,45,30,35,20,20,45,
11,Metapod,1,Normal,Cocoon ,Bug,,0.7,9.9,Shed Skin,,,205,50,20,55,25,25,30,
12,Butterfree,1,Normal,Butterfly ,Bug,Flying,1.1,32,Compound Eyes,,Tinted Lens,395,60,45,50,90,80,70,
13,Weedle,1,Normal,Hairy Bug ,Bug,Poison,0.3,3.2,Shield Dust,,Run Away,195,40,35,30,20,20,50,
14,Kakuna,1,Normal,Cocoon ,Bug,Poison,0.6,10,Shed Skin,,,205,45,25,50,25,25,35,
15,Beedrill,1,Normal,Poison Bee ,Bug,Poison,1,29.5,Swarm,,Sniper,395,65,90,40,45,80,75,
16,Pidgey,1,Normal,Tiny Bird ,Normal,Flying,0.3,1.8,Keen Eye,Tangled Feet,Big Pecks,251,40,45,40,35,35,56,
17,Pidgeotto,1,Normal,Bird ,Normal,Flying,1.1,30,Keen Eye,Tangled Feet,Big Pecks,349,63,60,55,50,50,71,
18,Pidgeot,1,Normal,Bird ,Normal,Flying,1.5,39.5,Keen Eye,Tangled Feet,Big Pecks,479,83,80,75,70,70,101,
19,Rattata,1,Normal,Mouse ,Normal,,0.3,3.5,Run Away,Guts,Hustle,253,30,56,35,25,35,72,
20,Raticate,1,Normal,Mouse ,Normal,,0.7,18.5,Run Away,Guts,Hustle,413,55,81,60,50,70,97,
21,Spearow,1,Normal,Tiny Bird ,Normal,Flying,0.3,2,Keen Eye,,Sniper,262,40,60,30,31,31,70,
22,Fearow,1,Normal,Beak ,Normal,Flying,1.2,38,Keen Eye,,Sniper,442,65,90,65,61,61,100,
23,Ekans,1,Normal,Snake ,Poison,,2,6.9,Intimidate,Shed Skin,Unnerve,288,35,60,44,40,54,55,
24,Arbok,1,Normal,Cobra ,Poison,,3.5,65,Intimidate,Shed Skin,Unnerve,448,60,95,69,65,79,80,
25,Pikachu,1,Normal,Mouse ,Electric,,0.4,6,Static,,Lightning Rod,320,35,55,40,50,50,90,
26,Raichu,1,Normal,Mouse ,Electric,,0.8,30,Static,,Lightning Rod,485,60,90,55,90,80,110,
27,Sandshrew,1,Normal,Mouse ,Ground,,0.6,12,Sand Veil,,Sand Rush,300,50,75,85,20,30,40,
28,Sandslash,1,Normal,Mouse ,Ground,,1,29.5,Sand Veil,,Sand Rush,450,75,100,110,45,55,65,
29,Nidoran♀,1,Normal,Poison Pin ,Poison,,0.4,7,Poison Point,Rivalry,Hustle,275,55,47,52,40,40,41,
30,Nidorina,1,Normal,Poison Pin ,Poison,,0.8,20,Poison Point,Rivalry,Hustle,365,70,62,67,55,55,56,
31,Nidoqueen,1,Normal,Drill ,Poison,Ground,1.3,60,Poison Point,Rivalry,Sheer Force,505,90,92,87,75,85,76,
32,Nidoran♂,1,Normal,Poison Pin ,Poison,,0.5,9,Poison Point,Rivalry,Hustle,273,46,57,40,40,40,50,
33,Nidorino,1,Normal,Poison Pin ,Poison,,0.9,19.5,Poison Point,Rivalry,Hustle,365,61,72,57,55,55,65,
34,Nidoking,1,Normal,Drill ,Poison,Ground,1.4,62,Poison Point,Rivalry,Sheer Force,505,81,102,77,85,75,85,
35,Clefairy,1,Normal,Fairy ,Fairy,,0.6,7.5,Cute Charm,Magic Guard,Friend Guard,323,70,45,48,60,65,35,
36,Clefable,1,Normal,Fairy ,Fairy,,1.3,40,Cute Charm,Magic Guard,Unaware,483,95,70,73,95,90,60,
37,Vulpix,1,Normal,Fox ,Fire,,0.6,9.9,Flash Fire,,Drought,299,38,41,40,50,65,65,
38,Ninetales,1,Normal,Fox ,Fire,,1.1,19.9,Flash Fire,,Drought,505,73,76,75,81,100,100,
39,Jigglypuff,1,Normal,Balloon ,Normal,Fairy,0.5,5.5,Cute Charm,Competitive,Friend Guard,270,115,45,20,45,25,20,
40,Wigglytuff,1,Normal,Balloon ,Normal,Fairy,1,12,Cute Charm,Competitive,Frisk,435,140,70,45,85,50,45,
41,Zubat,1,Normal,Bat ,Poison,Flying,0.8,7.5,Inner Focus,,Infiltrator,245,40,45,35,30,40,55,
42,Golbat,1,Normal,Bat ,Poison,Flying,1.6,55,Inner Focus,,Infiltrator,455,75,80,70,65,75,90,
43,Oddish,1,Normal,Weed ,Grass,Poison,0.5,5.4,Chlorophyll,,Run Away,320,45,50,55,75,65,30,
44,Gloom,1,Normal,Weed ,Grass,Poison,0.8,8.6,Chlorophyll,,Stench,395,60,65,70,85,75,40,
45,Vileplume,1,Normal,Flower ,Grass,Poison,1.2,18.6,Chlorophyll,,Effect Spore,490,75,80,85,110,90,50,
46,Paras,1,Normal,Mushroom ,Bug,Grass,0.3,5.4,Effect Spore,Dry Skin,Damp,285,35,70,55,45,55,25,
47,Parasect,1,Normal,Mushroom ,Bug,Grass,1,29.5,Effect Spore,Dry Skin,Damp,405,60,95,80,60,80,30,
48,Venonat,1,Normal,Insect ,Bug,Poison,1,30,Compound Eyes,Tinted Lens,Run Away,305,60,55,50,40,55,45,
49,Venomoth,1,Normal,Poison Moth ,Bug,Poison,1.5,12.5,Shield Dust,Tinted Lens,Wonder Skin,450,70,65,60,90,75,90,
50,Diglett,1,Normal,Mole ,Ground,,0.2,0.8,Sand Veil,Arena Trap,Sand Force,265,10,55,25,35,45,95,
51,Dugtrio,1,Normal,Mole ,Ground,,0.7,33.3,Sand Veil,Arena Trap,Sand Force,425,35,100,50,50,70,120,
52,Meowth,1,Normal,Scratch Cat ,Normal,,0.4,4.2,Pickup,Technician,Unnerve,290,40,45,35,40,40,90,
53,Persian,1,Normal,Classy Cat ,Normal,,1,32,Limber,Technician,Unnerve,440,65,70,60,65,65,115,
54,Psyduck,1,Normal,Duck ,Water,,0.8,19.6,Damp,Cloud Nine,Swift Swim,320,50,52,48,65,50,55,
55,Golduck,1,Normal,Duck ,Water,,1.7,76.6,Damp,Cloud Nine,Swift Swim,500,80,82,78,95,80,85,
56,Mankey,1,Normal,Pig Monkey ,Fighting,,0.5,28,Vital Spirit,Anger Point,Defiant,305,40,80,35,35,45,70,
57,Primeape,1,Normal,Pig Monkey ,Fighting,,1,32,Vital Spirit,Anger Point,Defiant,455,65,105,60,60,70,95,
58,Growlithe,1,Normal,Puppy ,Fire,,0.7,19,Intimidate,Flash Fire,Justified,350,55,70,45,70,50,60,
59,Arcanine,1,Normal,Legendary ,Fire,,1.9,155,Intimidate,Flash Fire,Justified,555,90,110,80,100,80,95,
60,Poliwag,1,Normal,Tadpole ,Water,,0.6,12.4,Water Absorb,Damp,Swift Swim,300,40,50,40,40,40,90,
61,Poliwhirl,1,Normal,Tadpole ,Water,,1,20,Water Absorb,Damp,Swift Swim,385,65,65,65,50,50,90,
62,Poliwrath,1,Normal,Tadpole ,Water,Fighting,1.3,54,Water Absorb,Damp,Swift Swim,510,90,95,95,70,90,70,
63,Abra,1,Normal,Psi ,Psychic,,0.9,19.5,Synchronize,Inner Focus,Magic Guard,310,25,20,15,105,55,90,
64,Kadabra,1,Normal,Psi ,Psychic,,1.3,56.5,Synchronize,Inner Focus,Magic Guard,400,40,35,30,120,70,105,
65,Alakazam,1,Normal,Psi ,Psychic,,1.5,48,Synchronize,Inner Focus,Magic Guard,500,55,50,45,135,95,120,
66,Machop,1,Normal,Superpower ,Fighting,,0.8,19.5,Guts,No Guard,Steadfast,305,70,80,50,35,35,35,
67,Machoke,1,Normal,Superpower ,Fighting,,1.5,70.5,Guts,No Guard,Steadfast,405,80,100,70,50,60,45,
68,Machamp,1,Normal,Superpower ,Fighting,,1.6,130,Guts,No Guard,Steadfast,505,90,130,80,65,85,55,
69,Bellsprout,1,Normal,Flower ,Grass,Poison,0.7,4,Chlorophyll,,Gluttony,300,50,75,35,70,30,40,
70,Weepinbell,1,Normal,Flycatcher ,Grass,Poison,1,6.4,Chlorophyll,,Gluttony,390,65,90,50,85,45,55,
71,Victreebel,1,Normal,Flycatcher ,Grass,Poison,1.7,15.5,Chlorophyll,,Gluttony,490,80,105,65,100,70,70,
72,Tentacool,1,Normal,Jellyfish ,Water,Poison,0.9,45.5,Clear Body,Liquid Ooze,Rain Dish,335,40,40,35,50,100,70,
73,Tentacruel,1,Normal,Jellyfish ,Water,Poison,1.6,55,Clear Body,Liquid Ooze,Rain Dish,515,80,70,65,80,120,100,
74,Geodude,1,Normal,Rock ,Rock,Ground,0.4,20,Rock Head,Sturdy,Sand Veil,300,40,80,100,30,30,20,
75,Graveler,1,Normal,Rock ,Rock,Ground,1,105,Rock Head,Sturdy,Sand Veil,390,55,95,115,45,45,35,
76,Golem,1,Normal,,Rock,Ground,1.4,300,Rock Head,Sturdy,Sand Veil,495,80,120,130,55,65,45,
77,Ponyta,1,Normal,Fire Horse ,Fire,,1,30,Run Away,Flash Fire,Flame Body,410,50,85,55,65,65,90,
78,Rapidash,1,Normal,Fire Horse ,Fire,,1.7,95,Run Away,Flash Fire,Flame Body,500,65,100,70,80,80,105,
79,Slowpoke,1,Normal,Dopey ,Water,Psychic,1.2,36,Oblivious,Own Tempo,Regenerator,315,90,65,65,40,40,15,
80,Slowbro,1,Normal,Hermit Crab ,Water,Psychic,1.6,78.5,Oblivious,Own Tempo,Regenerator,490,95,75,110,100,80,30,
81,Magnemite,1,Normal,Magnet ,Electric,Steel,0.3,6,Magnet Pull,Sturdy,Analytic,325,25,35,70,95,55,45,
82,Magneton,1,Normal,Magnet ,Electric,Steel,1,60,Magnet Pull,Sturdy,Analytic,465,50,60,95,120,70,70,
83,Farfetch'd,1,Normal,Wild Duck ,Normal,Flying,0.8,15,Keen Eye,Inner Focus,Defiant,377,52,90,55,58,62,60,
84,Doduo,1,Normal,Twin Bird ,Normal,Flying,1.4,39.2,Run Away,Early Bird,Tangled Feet,310,35,85,45,35,35,75,
85,Dodrio,1,Normal,Triple Bird ,Normal,Flying,1.8,85.2,Run Away,Early Bird,Tangled Feet,470,60,110,70,60,60,110,
86,Seel,1,Normal,Sea Lion ,Water,,1.1,90,Thick Fat,Hydration,Ice Body,325,65,45,55,45,70,45,
87,Dewgong,1,Normal,Sea Lion ,Water,Ice,1.7,120,Thick Fat,Hydration,Ice Body,475,90,70,80,70,95,70,
88,Grimer,1,Normal,Sludge ,Poison,,0.9,30,Stench,Sticky Hold,Poison Touch,325,80,80,50,40,50,25,
89,Muk,1,Normal,Sludge ,Poison,,1.2,30,Stench,Sticky Hold,Poison Touch,500,105,105,75,65,100,50,
90,Shellder,1,Normal,Bivalve ,Water,,0.3,4,Shell Armor,Skill Link,Overcoat,305,30,65,100,45,25,40,
91,Cloyster,1,Normal,Bivalve ,Water,Ice,1.5,132.5,Shell Armor,Skill Link,Overcoat,525,50,95,180,85,45,70,
92,Gastly,1,Normal,Gas ,Ghost,Poison,1.3,0.1,Levitate,,,310,30,35,30,100,35,80,
93,Haunter,1,Normal,Gas ,Ghost,Poison,1.6,0.1,Levitate,,,405,45,50,45,115,55,95,
94,Gengar,1,Normal,Shadow ,Ghost,Poison,1.5,40.5,Cursed Body,,,500,60,65,60,130,75,110,
95,Onix,1,Normal,Rock Snake ,Rock,Ground,8.8,210,Rock Head,Sturdy,Weak Armor,385,35,45,160,30,45,70,
96,Drowzee,1,Normal,Hypnosis ,Psychic,,1,32.4,Insomnia,Forewarn,Inner Focus,328,60,48,45,43,90,42,
97,Hypno,1,Normal,Hypnosis ,Psychic,,1.6,75.6,Insomnia,Forewarn,Inner Focus,483,85,73,70,73,115,67,
98,Krabby,1,Normal,River Crab ,Water,,0.4,6.5,Hyper Cutter,Shell Armor,Sheer Force,325,30,105,90,25,25,50,
99,Kingler,1,Normal,Pincer ,Water,,1.3,60,Hyper Cutter,Shell Armor,Sheer Force,475,55,130,115,50,50,75,
100,Voltorb,1,Normal,Ball ,Electric,,0.5,10.4,Soundproof,Static,Aftermath,330,40,30,50,55,55,100,
101,Electrode,1,Normal,Ball ,Electric,,1.2,66.6,Soundproof,Static,Aftermath,490,60,50,70,80,80,150,
102,Exeggcute,1,Normal,Egg ,Grass,Psychic,0.4,2.5,Chlorophyll,,Harvest,325,60,40,80,60,45,40,
103,Exeggutor,1,Normal,Coconut ,Grass,Psychic,2,120,Chlorophyll,,Harvest,530,95,95,85,125,75,55,
104,Cubone,1,Normal,Lonely ,Ground,,0.4,6.5,Rock Head,Lightning Rod,Battle Armor,320,50,50,95,40,50,35,
105,Marowak,1,Normal,Bone Keeper ,Ground,,1,45,Rock Head,Lightning Rod,Battle Armor,425,60,80,110,50,80,45,
106,Hitmonlee,1,Normal,Kicking ,Fighting,,1.5,49.8,Limber,Reckless,Unburden,455,50,120,53,35,110,87,
107,Hitmonchan,1,Normal,Punching ,Fighting,,1.4,50.2,Keen Eye,Iron Fist,Inner Focus,455,50,105,79,35,110,76,
108,Lickitung,1,Normal,Licking ,Normal,,1.2,65.5,Own Tempo,Oblivious,Cloud Nine,385,90,55,75,60,75,30,
109,Koffing,1,Normal,Poison Gas ,Poison,,0.6,1,Levitate,Neutralizing Gas,Stench,340,40,65,95,60,45,35,
110,Weezing,1,Normal,Poison Gas ,Poison,,1.2,9.5,Levitate,Neutralizing Gas,Stench,490,65,90,120,85,70,60,
111,Rhyhorn,1,Normal,Spikes ,Ground,Rock,1,115,Lightning Rod,Rock Head,Reckless,345,80,85,95,30,30,25,
112,Rhydon,1,Normal,Drill ,Ground,Rock,1.9,120,Lightning Rod,Rock Head,Reckless,485,105,130,120,45,45,40,
113,Chansey,1,Normal,Egg ,Normal,,1.1,34.6,Natural Cure,Serene Grace,Healer,450,250,5,5,35,105,50,
114,Tangela,1,Normal,Vine ,Grass,,1,35,Chlorophyll,Leaf Guard,Regenerator,435,65,55,115,100,40,60,
115,Kangaskhan,1,Normal,Parent ,Normal,,2.2,80,Early Bird,Scrappy,Inner Focus,490,105,95,80,40,80,90,
116,Horsea,1,Normal,Dragon ,Water,,0.4,8,Swift Swim,Sniper,Damp,295,30,40,70,70,25,60,
117,Seadra,1,Normal,Dragon ,Water,,1.2,25,Poison Point,Sniper,Damp,440,55,65,95,95,45,85,
118,Goldeen,1,Normal,Goldfish ,Water,,0.6,15,Swift Swim,Water Veil,Lightning Rod,320,45,67,60,35,50,63,
119,Seaking,1,Normal,Goldfish ,Water,,1.3,39,Swift Swim,Water Veil,Lightning Rod,450,80,92,65,65,80,68,
120,Staryu,1,Normal,Star Shape ,Water,,0.8,34.5,Illuminate,Natural Cure,Analytic,340,30,45,55,70,55,85,
121,Starmie,1,Normal,Mysterious ,Water,Psychic,1.1,80,Illuminate,Natural Cure,Analytic,520,60,75,85,100,85,115,
122,Mr. Mime,1,Normal,Barrier ,Psychic,Fairy,1.3,54.5,Soundproof,Filter,Technician,460,40,45,65,100,120,90,
123,Scyther,1,Normal,Mantis ,Bug,Flying,1.5,56,Swarm,Technician,Steadfast,500,70,110,80,55,80,105,
124,Jynx,1,Normal,Human Shape ,Ice,Psychic,1.4,40.6,Oblivious,Forewarn,Dry Skin,455,65,50,35,115,95,95,
125,Electabuzz,1,Normal,Electric ,Electric,,1.1,30,Static,,Vital Spirit,490,65,83,57,95,85,105,
126,Magmar,1,Normal,Spitfire ,Fire,,1.3,44.5,Flame Body,,Vital Spirit,495,65,95,57,100,85,93,
127,Pinsir,1,Normal,Stag Beetle ,Bug,,1.5,55,Hyper Cutter,Mold Breaker,Moxie,500,65,125,100,55,70,85,
128,Tauros,1,Normal,Wild Bull ,Normal,,1.4,88.4,Intimidate,Anger Point,Sheer Force,490,75,100,95,40,70,110,
129,Magikarp,1,Normal,Fish ,Water,,0.9,10,Swift Swim,,Rattled,200,20,10,55,15,20,80,
130,Gyarados,1,Normal,Atrocious ,Water,Flying,6.5,235,Intimidate,,Moxie,540,95,125,79,60,100,81,
131,Lapras,1,Normal,Transport ,Water,Ice,2.5,220,Water Absorb,Shell Armor,Hydration,535,130,85,80,85,95,60,
132,Ditto,1,Normal,Transform ,Normal,,0.3,4,Limber,,Imposter,288,48,48,48,48,48,48,
133,Eevee,1,Normal,Evolution ,Normal,,0.3,6.5,Run Away,Adaptability,Anticipation,325,55,55,50,45,65,55,
134,Vaporeon,1,Normal,Bubble Jet ,Water,,1,29,Water Absorb,,Hydration,525,130,65,60,110,95,65,
135,Jolteon,1,Normal,Lightning ,Electric,,0.8,24.5,Volt Absorb,,Quick Feet,525,65,65,60,110,95,130,
136,Flareon,1,Normal,Flame ,Fire,,0.9,25,Flash Fire,,Guts,525,65,130,60,95,110,65,
137,Porygon,1,Normal,Virtual ,Normal,,0.8,36.5,Trace,Download,Analytic,395,65,60,70,85,75,40,
138,Omanyte,1,Normal,Spiral ,Rock,Water,0.4,7.5,Swift Swim,Shell Armor,Weak Armor,355,35,40,100,90,55,35,
139,Omastar,1,Normal,Spiral ,Rock,Water,1,35,Swift Swim,Shell Armor,Weak Armor,495,70,60,125,115,70,55,
140,Kabuto,1,Normal,Shellfish ,Rock,Water,0.5,11.5,Swift Swim,Battle Armor,Weak Armor,355,30,80,90,55,45,55,
141,Kabutops,1,Normal,Shellfish ,Rock,Water,1.3,40.5,Swift Swim,Battle Armor,Weak Armor,495,60,115,105,65,70,80,
142,Aerodactyl,1,Normal,Fossil ,Rock,Flying,1.8,59,Rock Head,Pressure,Unnerve,515,80,105,65,60,75,130,
143,Snorlax,1,Normal,Sleeping ,Normal,,2.1,460,Immunity,Thick Fat,Gluttony,540,160,110,65,65,110,30,
144,Articuno,1,Sub Legendary,Freeze ,Ice,Flying,1.7,55.4,Pressure,,Snow Cloak,580,90,85,100,95,125,85,
145,Zapdos,1,Sub Legendary,Electric ,Electric,Flying,1.6,52.6,Pressure,,Static,580,90,90,85,125,90,100,
146,Moltres,1,Sub Legendary,Flame ,Fire,Flying,2,60,Pressure,,Flame Body,580,90,100,90,125,85,90,
147,Dratini,1,Normal,Dragon ,Dragon,,1.8,3.3,Shed Skin,,Marvel Scale,300,41,64,45,50,50,50,
148,Dragonair,1,Normal,Dragon ,Dragon,,4,16.5,Shed Skin,,Marvel Scale,420,61,84,65,70,70,70,
149,Dragonite,1,Normal,Dragon ,Dragon,Flying,2.2,210,Inner Focus,,Multiscale,600,91,134,95,100,100,80,
150,Mewtwo,1,Legendary,Genetic ,Psychic,,2,122,Pressure,,Unnerve,680,106,110,90,154,90,130,
151,Mew,1,Mythical,New Species ,Psychic,,0.4,4,Synchronize,,,600,100,100,100,100,100,100,
152,Chikorita,2,Normal,Leaf ,Grass,,0.9,6.4,Overgrow,,Leaf Guard,318,45,49,65,49,65,45,
153,Bayleef,2,Normal,Leaf ,Grass,,1.2,15.8,Overgrow,,Leaf Guard,405,60,62,80,63,80,60,
154,Meganium,2,Normal,Herb ,Grass,,1.8,100.5,Overgrow,,Leaf Guard,525,80,82,100,83,100,80,
155,Cyndaquil,2,Normal,Fire Mouse ,Fire,,0.5,7.9,Blaze,,Flash Fire,309,39,52,43,60,50,65,
156,Quilava,2,Normal,Volcano ,Fire,,0.9,19,Blaze,,Flash Fire,405,58,64,58,80,65,80,
157,Typhlosion,2,Normal,Volcano ,Fire,,1.7,79.5,Blaze,,Flash Fire,534,78,84,78,109,85,100,
158,Totodile,2,Normal,Big Jaw ,Water,,0.6,9.5,Torrent,,Sheer Force,314,50,65,64,44,48,43,
159,Croconaw,2,Normal,Big Jaw ,Water,,1.1,25,Torrent,,Sheer Force,405,65,80,80,59,63,58,
160,Feraligatr,2,Normal,Big Jaw ,Water,,2.3,88.8,Torrent,,Sheer Force,530,85,105,100,79,83,78,
161,Sentret,2,Normal,Scout ,Normal,,0.8,6,Run Away,Keen Eye,Frisk,215,35,46,34,35,45,20,
162,Furret,2,Normal,Long Body ,Normal,,1.8,32.5,Run Away,Keen Eye,Frisk,415,85,76,64,45,55,90,
163,Hoothoot,2,Normal,Owl ,Normal,Flying,0.7,21.2,Insomnia,Keen Eye,Tinted Lens,262,60,30,30,36,56,50,
164,Noctowl,2,Normal,Owl ,Normal,Flying,1.6,40.8,Insomnia,Keen Eye,Tinted Lens,452,100,50,50,86,96,70,
165,Ledyba,2,Normal,Five Star ,Bug,Flying,1,10.8,Swarm,Early Bird,Rattled,265,40,20,30,40,80,55,
166,Ledian,2,Normal,Five Star ,Bug,Flying,1.4,35.6,Swarm,Early Bird,Iron Fist,390,55,35,50,55,110,85,
167,Spinarak,2,Normal,String Spit ,Bug,Poison,0.5,8.5,Swarm,Insomnia,Sniper,250,40,60,40,40,40,30,
168,Ariados,2,Normal,Long Leg ,Bug,Poison,1.1,33.5,Swarm,Insomnia,Sniper,400,70,90,70,60,70,40,
169,Crobat,2,Normal,Bat ,Poison,Flying,1.8,75,Inner Focus,,Infiltrator,535,85,90,80,70,80,130,
170,Chinchou,2,Normal,Angler ,Water,Electric,0.5,12,Volt Absorb,Illuminate,Water Absorb,330,75,38,38,56,56,67,
171,Lanturn,2,Normal,Light ,Water,Electric,1.2,22.5,Volt Absorb,Illuminate,Water Absorb,460,125,58,58,76,76,67,
172,Pichu,2,Normal,Tiny Mouse ,Electric,,0.3,2,Static,,Lightning Rod,205,20,40,15,35,35,60,
173,Cleffa,2,Normal,Star Shape ,Fairy,,0.3,3,Cute Charm,Magic Guard,Friend Guard,218,50,25,28,45,55,15,
174,Igglybuff,2,Normal,Balloon ,Normal,Fairy,0.3,1,Cute Charm,Competitive,Friend Guard,210,90,30,15,40,20,15,
175,Togepi,2,Normal,Spike Ball ,Fairy,,0.3,1.5,Hustle,Serene Grace,Super Luck,245,35,20,65,40,65,20,
176,Togetic,2,Normal,Happiness ,Fairy,Flying,0.6,3.2,Hustle,Serene Grace,Super Luck,405,55,40,85,80,105,40,
177,Natu,2,Normal,Tiny Bird ,Psychic,Flying,0.2,2,Synchronize,Early Bird,Magic Bounce,320,40,50,45,70,45,70,
178,Xatu,2,Normal,Mystic ,Psychic,Flying,1.5,15,Synchronize,Early Bird,Magic Bounce,470,65,75,70,95,70,95,
179,Mareep,2,Normal,Wool ,Electric,,0.6,7.8,Static,,Plus,280,55,40,40,65,45,35,
180,Flaaffy,2,Normal,Wool ,Electric,,0.8,13.3,Static,,Plus,365,70,55,55,80,60,45,
181,Ampharos,2,Normal,Light ,Electric,,1.4,61.5,Static,,Plus,510,90,75,85,115,90,55,
182,Bellossom,2,Normal,Flower ,Grass,,0.4,5.8,Chlorophyll,,Healer,490,75,80,95,90,100,50,
183,Marill,2,Normal,Aqua Mouse ,Water,Fairy,0.4,8.5,Thick Fat,Huge Power,Sap Sipper,250,70,20,50,20,50,40,
184,Azumarill,2,Normal,Aqua Rabbit ,Water,Fairy,0.8,28.5,Thick Fat,Huge Power,Sap Sipper,420,100,50,80,60,80,50,
185,Sudowoodo,2,Normal,Imitation ,Rock,,1.2,38,Sturdy,Rock Head,Rattled,410,70,100,115,30,65,30,
186,Politoed,2,Normal,Frog ,Water,,1.1,33.9,Water Absorb,Damp,Drizzle,500,90,75,75,90,100,70,
187,Hoppip,2,Normal,Cottonweed ,Grass,Flying,0.4,0.5,Chlorophyll,Leaf Guard,Infiltrator,250,35,35,40,35,55,50,
188,Skiploom,2,Normal,Cottonweed ,Grass,Flying,0.6,1,Chlorophyll,Leaf Guard,Infiltrator,340,55,45,50,45,65,80,
189,Jumpluff,2,Normal,Cottonweed ,Grass,Flying,0.8,3,Chlorophyll,Leaf Guard,Infiltrator,460,75,55,70,55,95,110,
190,Aipom,2,Normal,Long Tail ,Normal,,0.8,11.5,Run Away,Pickup,Skill Link,360,55,70,55,40,55,85,
191,Sunkern,2,Normal,Seed ,Grass,,0.3,1.8,Chlorophyll,Solar Power,Early Bird,180,30,30,30,30,30,30,
192,Sunflora,2,Normal,Sun ,Grass,,0.8,8.5,Chlorophyll,Solar Power,Early Bird,425,75,75,55,105,85,30,
193,Yanma,2,Normal,Clear Wing ,Bug,Flying,1.2,38,Speed Boost,Compound Eyes,Frisk,390,65,65,45,75,45,95,
194,Wooper,2,Normal,Water Fish ,Water,Ground,0.4,8.5,Damp,Water Absorb,Unaware,210,55,45,45,25,25,15,
195,Quagsire,2,Normal,Water Fish ,Water,Ground,1.4,75,Damp,Water Absorb,Unaware,430,95,85,85,65,65,35,
196,Espeon,2,Normal,Sun ,Psychic,,0.9,26.5,Synchronize,,Magic Bounce,525,65,65,60,130,95,110,
197,Umbreon,2,Normal,Moonlight ,Dark,,1,27,Synchronize,,Inner Focus,525,95,65,110,60,130,65,
198,Murkrow,2,Normal,Darkness ,Dark,Flying,0.5,2.1,Insomnia,Super Luck,Prankster,405,60,85,42,85,42,91,
199,Slowking,2,Normal,Royal ,Water,Psychic,2,79.5,Oblivious,Own Tempo,Regenerator,490,95,75,80,100,110,30,
200,Misdreavus,2,Normal,Screech ,Ghost,,0.7,1,Levitate,,,435,60,60,60,85,85,85,
201,Unown,2,Normal,Symbol ,Psychic,,0.5,5,Levitate,,,336,48,72,48,72,48,48,
202,Wobbuffet,2,Normal,Patient ,Psychic,,1.3,28.5,Shadow Tag,,Telepathy,405,190,33,58,33,58,33,
203,Girafarig,2,Normal,Long Neck ,Normal,Psychic,1.5,41.5,Inner Focus,Early Bird,Sap Sipper,455,70,80,65,90,65,85,
204,Pineco,2,Normal,Bagworm ,Bug,,0.6,7.2,Sturdy,,Overcoat,290,50,65,90,35,35,15,
205,Forretress,2,Normal,Bagworm ,Bug,Steel,1.2,125.8,Sturdy,,Overcoat,465,75,90,140,60,60,40,
206,Dunsparce,2,Normal,Land Snake ,Normal,,1.5,14,Serene Grace,Run Away,Rattled,415,100,70,70,65,65,45,
207,Gligar,2,Normal,FlyScorpion ,Ground,Flying,1.1,64.8,Hyper Cutter,Sand Veil,Immunity,430,65,75,105,35,65,85,
208,Steelix,2,Normal,Iron Snake ,Steel,Ground,9.2,400,Rock Head,Sturdy,Sheer Force,510,75,85,200,55,65,30,
209,Snubbull,2,Normal,Fairy ,Fairy,,0.6,7.8,Intimidate,Run Away,Rattled,300,60,80,50,40,40,30,
210,Granbull,2,Normal,Fairy ,Fairy,,1.4,48.7,Intimidate,Quick Feet,Rattled,450,90,120,75,60,60,45,
211,Qwilfish,2,Normal,Balloon ,Water,Poison,0.5,3.9,Poison Point,Swift Swim,Intimidate,440,65,95,85,55,55,85,
212,Scizor,2,Normal,Pincer ,Bug,Steel,1.8,118,Swarm,Technician,Light Metal,500,70,130,100,55,80,65,
213,Shuckle,2,Normal,Mold ,Bug,Rock,0.6,20.5,Sturdy,Gluttony,Contrary,505,20,10,230,10,230,5,
214,Heracross,2,Normal,Single Horn ,Bug,Fighting,1.5,54,Swarm,Guts,Moxie,500,80,125,75,40,95,85,
215,Sneasel,2,Normal,Sharp Claw ,Dark,Ice,0.9,28,Inner Focus,Keen Eye,Pickpocket,430,55,95,55,35,75,115,
216,Teddiursa,2,Normal,Little Bear ,Normal,,0.6,8.8,Pickup,Quick Feet,Honey Gather,330,60,80,50,50,50,40,
217,Ursaring,2,Normal,Hibernator ,Normal,,1.8,125.8,Guts,Quick Feet,Unnerve,500,90,130,75,75,75,55,
218,Slugma,2,Normal,Lava ,Fire,,0.7,35,Magma Armor,Flame Body,Weak Armor,250,40,40,40,70,40,20,
219,Magcargo,2,Normal,Lava ,Fire,Rock,0.8,55,Magma Armor,Flame Body,Weak Armor,430,60,50,120,90,80,30,
220,Swinub,2,Normal,Pig ,Ice,Ground,0.4,6.5,Oblivious,Snow Cloak,Thick Fat,250,50,50,40,30,30,50,
221,Piloswine,2,Normal,Swine ,Ice,Ground,1.1,55.8,Oblivious,Snow Cloak,Thick Fat,450,100,100,80,60,60,50,
222,Corsola,2,Normal,Coral ,Water,Rock,0.6,5,Hustle,Natural Cure,Regenerator,410,65,55,95,65,95,35,
223,Remoraid,2,Normal,Jet ,Water,,0.6,12,Hustle,Sniper,Moody,300,35,65,35,65,35,65,
224,Octillery,2,Normal,Jet ,Water,,0.9,28.5,Suction Cups,Sniper,Moody,480,75,105,75,105,75,45,
225,Delibird,2,Normal,Delivery ,Ice,Flying,0.9,16,Vital Spirit,Hustle,Insomnia,330,45,55,45,65,45,75,
226,Mantine,2,Normal,Kite ,Water,Flying,2.1,220,Swift Swim,Water Absorb,Water Veil,485,85,40,70,80,140,70,
227,Skarmory,2,Normal,Armor Bird ,Steel,Flying,1.7,50.5,Keen Eye,Sturdy,Weak Armor,465,65,80,140,40,70,70,
228,Houndour,2,Normal,Dark ,Dark,Fire,0.6,10.8,Early Bird,Flash Fire,Unnerve,330,45,60,30,80,50,65,
229,Houndoom,2,Normal,Dark ,Dark,Fire,1.4,35,Early Bird,Flash Fire,Unnerve,500,75,90,50,110,80,95,
230,Kingdra,2,Normal,Dragon ,Water,Dragon,1.8,152,Swift Swim,Sniper,Damp,540,75,95,95,95,95,85,
231,Phanpy,2,Normal,Long Nose ,Ground,,0.5,33.5,Pickup,,Sand Veil,330,90,60,60,40,40,40,
232,Donphan,2,Normal,Armor ,Ground,,1.1,120,Sturdy,,Sand Veil,500,90,120,120,60,60,50,
233,Porygon2,2,Normal,Virtual ,Normal,,0.6,32.5,Trace,Download,Analytic,515,85,80,90,105,95,60,
234,Stantler,2,Normal,Big Horn ,Normal,,1.4,71.2,Intimidate,Frisk,Sap Sipper,465,73,95,62,85,65,85,
235,Smeargle,2,Normal,Painter ,Normal,,1.2,58,Own Tempo,Technician,Moody,250,55,20,35,20,45,75,
236,Tyrogue,2,Normal,Scuffle ,Fighting,,0.7,21,Guts,Steadfast,Vital Spirit,210,35,35,35,35,35,35,
237,Hitmontop,2,Normal,Handstand ,Fighting,,1.4,48,Intimidate,Technician,Steadfast,455,50,95,95,35,110,70,
238,Smoochum,2,Normal,Kiss ,Ice,Psychic,0.4,6,Oblivious,Forewarn,Hydration,305,45,30,15,85,65,65,
239,Elekid,2,Normal,Electric ,Electric,,0.6,23.5,Static,,Vital Spirit,360,45,63,37,65,55,95,
240,Magby,2,Normal,Live Coal ,Fire,,0.7,21.4,Flame Body,,Vital Spirit,365,45,75,37,70,55,83,
241,Miltank,2,Normal,Milk Cow ,Normal,,1.2,75.5,Thick Fat,Scrappy,Sap Sipper,490,95,80,105,40,70,100,
242,Blissey,2,Normal,Happiness ,Normal,,1.5,46.8,Natural Cure,Serene Grace,Healer,540,255,10,10,75,135,55,
243,Raikou,2,Sub Legendary,Thunder ,Electric,,1.9,178,Pressure,,Inner Focus,580,90,85,75,115,100,115,
244,Entei,2,Sub Legendary,Volcano ,Fire,,2.1,198,Pressure,,Inner Focus,580,115,115,85,90,75,100,
245,Suicune,2,Sub Legendary,Aurora ,Water,,2,187,Pressure,,Inner Focus,580,100,75,115,90,115,85,
246,Larvitar,2,Normal,Rock Skin ,Rock,Ground,0.6,72,Guts,,Sand Veil,300,50,64,50,45,50,41,
247,Pupitar,2,Normal,Hard Shell ,Rock,Ground,1.2,152,Shed Skin,,,410,70,84,70,65,70,51,
248,Tyranitar,2,Normal,Armor ,Rock,Dark,2,202,Sand Stream,,Unnerve,600,100,134,110,95,100,61,
249,Lugia,2,Legendary,Diving ,Psychic,Flying,5.2,216,Pressure,,Multiscale,680,106,90,130,90,154,110,
250,Ho-oh,2,Legendary,Rainbow ,Fire,Flying,3.8,199,Pressure,,Regenerator,680,106,130,90,110,154,90,
251,Celebi,2,Mythical,Time Travel ,Psychic,Grass,0.6,5,Natural Cure,,,600,100,100,100,100,100,100,
252,Treecko,3,Normal,Wood Gecko ,Grass,,0.5,5,Overgrow,,Unburden,310,40,45,35,65,55,70,
253,Grovyle,3,Normal,Wood Gecko ,Grass,,0.9,21.6,Overgrow,,Unburden,405,50,65,45,85,65,95,
254,Sceptile,3,Normal,Forest ,Grass,,1.7,52.2,Overgrow,,Unburden,530,70,85,65,105,85,120,
255,Torchic,3,Normal,Chick ,Fire,,0.4,2.5,Blaze,,Speed Boost,310,45,60,40,70,50,45,
256,Combusken,3,Normal,Young Fowl ,Fire,Fighting,0.9,19.5,Blaze,,Speed Boost,405,60,85,60,85,60,55,
257,Blaziken,3,Normal,Blaze ,Fire,Fighting,1.9,52,Blaze,,Speed Boost,530,80,120,70,110,70,80,
258,Mudkip,3,Normal,Mud Fish ,Water,,0.4,7.6,Torrent,,Damp,310,50,70,50,50,50,40,
259,Marshtomp,3,Normal,Mud Fish ,Water,Ground,0.7,28,Torrent,,Damp,405,70,85,70,60,70,50,
260,Swampert,3,Normal,Mud Fish ,Water,Ground,1.5,81.9,Torrent,,Damp,535,100,110,90,85,90,60,
261,Poochyena,3,Normal,Bite ,Dark,,0.5,13.6,Run Away,Quick Feet,Rattled,220,35,55,35,30,30,35,
262,Mightyena,3,Normal,Bite ,Dark,,1,37,Intimidate,Quick Feet,Moxie,420,70,90,70,60,60,70,
263,Zigzagoon,3,Normal,TinyRaccoon ,Normal,,0.4,17.5,Pickup,Gluttony,Quick Feet,240,38,30,41,30,41,60,
264,Linoone,3,Normal,Rushing ,Normal,,0.5,32.5,Pickup,Gluttony,Quick Feet,420,78,70,61,50,61,100,
265,Wurmple,3,Normal,Worm ,Bug,,0.3,3.6,Shield Dust,,Run Away,195,45,45,35,20,30,20,
266,Silcoon,3,Normal,Cocoon ,Bug,,0.6,10,Shed Skin,,,205,50,35,55,25,25,15,
267,Beautifly,3,Normal,Butterfly ,Bug,Flying,1,28.4,Swarm,,Rivalry,395,60,70,50,100,50,65,
268,Cascoon,3,Normal,Cocoon ,Bug,,0.7,11.5,Shed Skin,,,205,50,35,55,25,25,15,
269,Dustox,3,Normal,Poison Moth ,Bug,Poison,1.2,31.6,Shield Dust,,Compound Eyes,385,60,50,70,50,90,65,
270,Lotad,3,Normal,Water Weed ,Water,Grass,0.5,2.6,Swift Swim,Rain Dish,Own Tempo,220,40,30,30,40,50,30,
271,Lombre,3,Normal,Jolly ,Water,Grass,1.2,32.5,Swift Swim,Rain Dish,Own Tempo,340,60,50,50,60,70,50,
272,Ludicolo,3,Normal,Carefree ,Water,Grass,1.5,55,Swift Swim,Rain Dish,Own Tempo,480,80,70,70,90,100,70,
273,Seedot,3,Normal,Acorn ,Grass,,0.5,4,Chlorophyll,Early Bird,Pickpocket,220,40,40,50,30,30,30,
274,Nuzleaf,3,Normal,Wily ,Grass,Dark,1,28,Chlorophyll,Early Bird,Pickpocket,340,70,70,40,60,40,60,
275,Shiftry,3,Normal,Wicked ,Grass,Dark,1.3,59.6,Chlorophyll,Early Bird,Pickpocket,480,90,100,60,90,60,80,
276,Taillow,3,Normal,TinySwallow ,Normal,Flying,0.3,2.3,Guts,,Scrappy,270,40,55,30,30,30,85,
277,Swellow,3,Normal,Swallow ,Normal,Flying,0.7,19.8,Guts,,Scrappy,455,60,85,60,75,50,125,
278,Wingull,3,Normal,Seagull ,Water,Flying,0.6,9.5,Keen Eye,Hydration,Rain Dish,270,40,30,30,55,30,85,
279,Pelipper,3,Normal,Water Bird ,Water,Flying,1.2,28,Keen Eye,Drizzle,Rain Dish,440,60,50,100,95,70,65,
280,Ralts,3,Normal,Feeling ,Psychic,Fairy,0.4,6.6,Synchronize,Trace,Telepathy,198,28,25,25,45,35,40,
281,Kirlia,3,Normal,Emotion ,Psychic,Fairy,0.8,20.2,Synchronize,Trace,Telepathy,278,38,35,35,65,55,50,
282,Gardevoir,3,Normal,Embrace ,Psychic,Fairy,1.6,48.4,Synchronize,Trace,Telepathy,518,68,65,65,125,115,80,
283,Surskit,3,Normal,Pond Skater ,Bug,Water,0.5,1.7,Swift Swim,,Rain Dish,269,40,30,32,50,52,65,
284,Masquerain,3,Normal,Eyeball ,Bug,Flying,0.8,3.6,Intimidate,,Unnerve,454,70,60,62,100,82,80,
285,Shroomish,3,Normal,Mushroom ,Grass,,0.4,4.5,Effect Spore,Poison Heal,Quick Feet,295,60,40,60,40,60,35,
286,Breloom,3,Normal,Mushroom ,Grass,Fighting,1.2,39.2,Effect Spore,Poison Heal,Technician,460,60,130,80,60,60,70,
287,Slakoth,3,Normal,Slacker ,Normal,,0.8,24,Truant,,,280,60,60,60,35,35,30,
288,Vigoroth,3,Normal,Wild Monkey ,Normal,,1.4,46.5,Vital Spirit,,,440,80,80,80,55,55,90,
289,Slaking,3,Normal,Lazy ,Normal,,2,130.5,Truant,,,670,150,160,100,95,65,100,
290,Nincada,3,Normal,Trainee ,Bug,Ground,0.5,5.5,Compound Eyes,,Run Away,266,31,45,90,30,30,40,
291,Ninjask,3,Normal,Ninja ,Bug,Flying,0.8,12,Speed Boost,,Infiltrator,456,61,90,45,50,50,160,
292,Shedinja,3,Normal,Shed ,Bug,Ghost,0.8,1.2,Wonder Guard,,,236,1,90,45,30,30,40,
293,Whismur,3,Normal,Whisper ,Normal,,0.6,16.3,Soundproof,,Rattled,240,64,51,23,51,23,28,
294,Loudred,3,Normal,Big Voice ,Normal,,1,40.5,Soundproof,,Scrappy,360,84,71,43,71,43,48,
295,Exploud,3,Normal,Loud Noise ,Normal,,1.5,84,Soundproof,,Scrappy,490,104,91,63,91,73,68,
296,Makuhita,3,Normal,Guts ,Fighting,,1,86.4,Thick Fat,Guts,Sheer Force,237,72,60,30,20,30,25,
297,Hariyama,3,Normal,Arm Thrust ,Fighting,,2.3,253.8,Thick Fat,Guts,Sheer Force,474,144,120,60,40,60,50,
298,Azurill,3,Normal,Polka Dot ,Normal,Fairy,0.2,2,Thick Fat,Huge Power,Sap Sipper,190,50,20,40,20,40,20,
299,Nosepass,3,Normal,Compass ,Rock,,1,97,Sturdy,Magnet Pull,Sand Force,375,30,45,135,45,90,30,
300,Skitty,3,Normal,Kitten ,Normal,,0.6,11,Cute Charm,Normalize,Wonder Skin,260,50,45,45,35,35,50,
301,Delcatty,3,Normal,Prim ,Normal,,1.1,32.6,Cute Charm,Normalize,Wonder Skin,400,70,65,65,55,55,90,
302,Sableye,3,Normal,Darkness ,Dark,Ghost,0.5,11,Keen Eye,Stall,Prankster,380,50,75,75,65,65,50,
303,Mawile,3,Normal,Deceiver ,Steel,Fairy,0.6,11.5,Hyper Cutter,Intimidate,Sheer Force,380,50,85,85,55,55,50,
304,Aron,3,Normal,Iron Armor ,Steel,Rock,0.4,60,Sturdy,Rock Head,Heavy Metal,330,50,70,100,40,40,30,
305,Lairon,3,Normal,Iron Armor ,Steel,Rock,0.9,120,Sturdy,Rock Head,Heavy Metal,430,60,90,140,50,50,40,
306,Aggron,3,Normal,Iron Armor ,Steel,Rock,2.1,360,Sturdy,Rock Head,Heavy Metal,530,70,110,180,60,60,50,
307,Meditite,3,Normal,Meditate ,Fighting,Psychic,0.6,11.2,Pure Power,,Telepathy,280,30,40,55,40,55,60,
308,Medicham,3,Normal,Meditate ,Fighting,Psychic,1.3,31.5,Pure Power,,Telepathy,410,60,60,75,60,75,80,
309,Electrike,3,Normal,Lightning ,Electric,,0.6,15.2,Static,Lightning Rod,Minus,295,40,45,40,65,40,65,
310,Manectric,3,Normal,Discharge ,Electric,,1.5,40.2,Static,Lightning Rod,Minus,475,70,75,60,105,60,105,
311,Plusle,3,Normal,Cheering ,Electric,,0.4,4.2,Plus,,Lightning Rod,405,60,50,40,85,75,95,
312,Minun,3,Normal,Cheering ,Electric,,0.4,4.2,Minus,,Volt Absorb,405,60,40,50,75,85,95,
313,Volbeat,3,Normal,Firefly ,Bug,,0.7,17.7,Illuminate,Swarm,Prankster,430,65,73,75,47,85,85,
314,Illumise,3,Normal,Firefly ,Bug,,0.6,17.7,Oblivious,Tinted Lens,Prankster,430,65,47,75,73,85,85,
315,Roselia,3,Normal,Thorn ,Grass,Poison,0.3,2,Natural Cure,Poison Point,Leaf Guard,400,50,60,45,100,80,65,
316,Gulpin,3,Normal,Stomach ,Poison,,0.4,10.3,Liquid Ooze,Sticky Hold,Gluttony,302,70,43,53,43,53,40,
317,Swalot,3,Normal,Poison Bag ,Poison,,1.7,80,Liquid Ooze,Sticky Hold,Gluttony,467,100,73,83,73,83,55,
318,Carvanha,3,Normal,Savage ,Water,Dark,0.8,20.8,Rough Skin,,Speed Boost,305,45,90,20,65,20,65,
319,Sharpedo,3,Normal,Brutal ,Water,Dark,1.8,88.8,Rough Skin,,Speed Boost,460,70,120,40,95,40,95,
320,Wailmer,3,Normal,Ball Whale ,Water,,2,130,Water Veil,Oblivious,Pressure,400,130,70,35,70,35,60,
321,Wailord,3,Normal,Float Whale ,Water,,14.5,398,Water Veil,Oblivious,Pressure,500,170,90,45,90,45,60,
322,Numel,3,Normal,Numb ,Fire,Ground,0.7,24,Oblivious,Simple,Own Tempo,305,60,60,40,65,45,35,
323,Camerupt,3,Normal,Eruption ,Fire,Ground,1.9,220,Magma Armor,Solid Rock,Anger Point,460,70,100,70,105,75,40,
324,Torkoal,3,Normal,Coal ,Fire,,0.5,80.4,White Smoke,Drought,Shell Armor,470,70,85,140,85,70,20,
325,Spoink,3,Normal,Bounce ,Psychic,,0.7,30.6,Thick Fat,Own Tempo,Gluttony,330,60,25,35,70,80,60,
326,Grumpig,3,Normal,Manipulate ,Psychic,,0.9,71.5,Thick Fat,Own Tempo,Gluttony,470,80,45,65,90,110,80,
327,Spinda,3,Normal,Spot Panda ,Normal,,1.1,5,Own Tempo,Tangled Feet,Contrary,360,60,60,60,60,60,60,
328,Trapinch,3,Normal,Ant Pit ,Ground,,0.7,15,Hyper Cutter,Arena Trap,Sheer Force,290,45,100,45,45,45,10,
329,Vibrava,3,Normal,Vibration ,Ground,Dragon,1.1,15.3,Levitate,,,340,50,70,50,50,50,70,
330,Flygon,3,Normal,Mystic ,Ground,Dragon,2,82,Levitate,,,520,80,100,80,80,80,100,
331,Cacnea,3,Normal,Cactus ,Grass,,0.4,51.3,Sand Veil,,Water Absorb,335,50,85,40,85,40,35,
332,Cacturne,3,Normal,Scarecrow ,Grass,Dark,1.3,77.4,Sand Veil,,Water Absorb,475,70,115,60,115,60,55,
333,Swablu,3,Normal,Cotton Bird ,Normal,Flying,0.4,1.2,Natural Cure,,Cloud Nine,310,45,40,60,40,75,50,
334,Altaria,3,Normal,Humming ,Dragon,Flying,1.1,20.6,Natural Cure,,Cloud Nine,490,75,70,90,70,105,80,
335,Zangoose,3,Normal,Cat Ferret ,Normal,,1.3,40.3,Immunity,,Toxic Boost,458,73,115,60,60,60,90,
336,Seviper,3,Normal,Fang Snake ,Poison,,2.7,52.5,Shed Skin,,Infiltrator,458,73,100,60,100,60,65,
337,Lunatone,3,Normal,Meteorite ,Rock,Psychic,1,168,Levitate,,,460,90,55,65,95,85,70,
338,Solrock,3,Normal,Meteorite ,Rock,Psychic,1.2,154,Levitate,,,460,90,95,85,55,65,70,
339,Barboach,3,Normal,Whiskers ,Water,Ground,0.4,1.9,Oblivious,Anticipation,Hydration,288,50,48,43,46,41,60,
340,Whiscash,3,Normal,Whiskers ,Water,Ground,0.9,23.6,Oblivious,Anticipation,Hydration,468,110,78,73,76,71,60,
341,Corphish,3,Normal,Ruffian ,Water,,0.6,11.5,Hyper Cutter,Shell Armor,Adaptability,308,43,80,65,50,35,35,
342,Crawdaunt,3,Normal,Rogue ,Water,Dark,1.1,32.8,Hyper Cutter,Shell Armor,Adaptability,468,63,120,85,90,55,55,
343,Baltoy,3,Normal,Clay Doll ,Ground,Psychic,0.5,21.5,Levitate,,,300,40,40,55,40,70,55,
344,Claydol,3,Normal,Clay Doll ,Ground,Psychic,1.5,108,Levitate,,,500,60,70,105,70,120,75,
345,Lileep,3,Normal,Sea Lily ,Rock,Grass,1,23.8,Suction Cups,,Storm Drain,355,66,41,77,61,87,23,
346,Cradily,3,Normal,Barnacle ,Rock,Grass,1.5,60.4,Suction Cups,,Storm Drain,495,86,81,97,81,107,43,
347,Anorith,3,Normal,Old Shrimp ,Rock,Bug,0.7,12.5,Battle Armor,,Swift Swim,355,45,95,50,40,50,75,
348,Armaldo,3,Normal,Plate ,Rock,Bug,1.5,68.2,Battle Armor,,Swift Swim,495,75,125,100,70,80,45,
349,Feebas,3,Normal,Fish ,Water,,0.6,7.4,Swift Swim,Oblivious,Adaptability,200,20,15,20,10,55,80,
350,Milotic,3,Normal,Tender ,Water,,6.2,162,Marvel Scale,Competitive,Cute Charm,540,95,60,79,100,125,81,
351,Castform,3,Normal,Weather ,Normal,,0.3,0.8,Forecast,,,420,70,70,70,70,70,70,
352,Kecleon,3,Normal,Color Swap ,Normal,,1,22,Color Change,,Protean,440,60,90,70,60,120,40,
353,Shuppet,3,Normal,Puppet ,Ghost,,0.6,2.3,Insomnia,Frisk,Cursed Body,295,44,75,35,63,33,45,
354,Banette,3,Normal,Marionette ,Ghost,,1.1,12.5,Insomnia,Frisk,Cursed Body,455,64,115,65,83,63,65,
355,Duskull,3,Normal,Requiem ,Ghost,,0.8,15,Levitate,,Frisk,295,20,40,90,30,90,25,
356,Dusclops,3,Normal,Beckon ,Ghost,,1.6,30.6,Pressure,,Frisk,455,40,70,130,60,130,25,
357,Tropius,3,Normal,Fruit ,Grass,Flying,2,100,Chlorophyll,Solar Power,Harvest,460,99,68,83,72,87,51,
358,Chimecho,3,Normal,Wind Chime ,Psychic,,0.6,1,Levitate,,,455,75,50,80,95,90,65,
359,Absol,3,Normal,Disaster ,Dark,,1.2,47,Pressure,Super Luck,Justified,465,65,130,60,75,60,75,
360,Wynaut,3,Normal,Bright ,Psychic,,0.6,14,Shadow Tag,,Telepathy,260,95,23,48,23,48,23,
361,Snorunt,3,Normal,Snow Hat ,Ice,,0.7,16.8,Inner Focus,Ice Body,Moody,300,50,50,50,50,50,50,
362,Glalie,3,Normal,Face ,Ice,,1.5,256.5,Inner Focus,Ice Body,Moody,480,80,80,80,80,80,80,
363,Spheal,3,Normal,Clap ,Ice,Water,0.8,39.5,Thick Fat,Ice Body,Oblivious,290,70,40,50,55,50,25,
364,Sealeo,3,Normal,Ball Roll ,Ice,Water,1.1,87.6,Thick Fat,Ice Body,Oblivious,410,90,60,70,75,70,45,
365,Walrein,3,Normal,Ice Break ,Ice,Water,1.4,150.6,Thick Fat,Ice Body,Oblivious,530,110,80,90,95,90,65,
366,Clamperl,3,Normal,Bivalve ,Water,,0.4,52.5,Shell Armor,,Rattled,345,35,64,85,74,55,32,
367,Huntail,3,Normal,Deep Sea ,Water,,1.7,27,Swift Swim,,Water Veil,485,55,104,105,94,75,52,
368,Gorebyss,3,Normal,South Sea ,Water,,1.8,22.6,Swift Swim,,Hydration,485,55,84,105,114,75,52,
369,Relicanth,3,Normal,Longevity ,Water,Rock,1,23.4,Swift Swim,Rock Head,Sturdy,485,100,90,130,45,65,55,
370,Luvdisc,3,Normal,Rendezvous ,Water,,0.6,8.7,Swift Swim,,Hydration,330,43,30,55,40,65,97,
371,Bagon,3,Normal,Rock Head ,Dragon,,0.6,42.1,Rock Head,,Sheer Force,300,45,75,60,40,30,50,
372,Shelgon,3,Normal,Endurance ,Dragon,,1.1,110.5,Rock Head,,Overcoat,420,65,95,100,60,50,50,
373,Salamence,3,Normal,Dragon ,Dragon,Flying,1.5,102.6,Intimidate,,Moxie,600,95,135,80,110,80,100,
374,Beldum,3,Normal,Iron Ball ,Steel,Psychic,0.6,95.2,Clear Body,,Light Metal,300,40,55,80,35,60,30,
375,Metang,3,Normal,Iron Claw ,Steel,Psychic,1.2,202.5,Clear Body,,Light Metal,420,60,75,100,55,80,50,
376,Metagross,3,Normal,Iron Leg ,Steel,Psychic,1.6,550,Clear Body,,Light Metal,600,80,135,130,95,90,70,
377,Regirock,3,Sub Legendary,Rock Peak ,Rock,,1.7,230,Clear Body,,Sturdy,580,80,100,200,50,100,50,
378,Regice,3,Sub Legendary,Iceberg ,Ice,,1.8,175,Clear Body,,Ice Body,580,80,50,100,100,200,50,
379,Registeel,3,Sub Legendary,Iron ,Steel,,1.9,205,Clear Body,,Light Metal,580,80,75,150,75,150,50,
380,Latias,3,Sub Legendary,Eon ,Dragon,Psychic,1.4,40,Levitate,,,600,80,80,90,110,130,110,
381,Latios,3,Sub Legendary,Eon ,Dragon,Psychic,2,60,Levitate,,,600,80,90,80,130,110,110,
382,Kyogre,3,Legendary,Sea Basin ,Water,,4.5,352,Drizzle,,,670,100,100,90,150,140,90,
383,Groudon,3,Legendary,Continent ,Ground,,3.5,950,Drought,,,670,100,150,140,100,90,90,
384,Rayquaza,3,Legendary,Sky High ,Dragon,Flying,7,206.5,Air Lock,,,680,105,150,90,150,90,95,
385,Jirachi,3,Mythical,Wish ,Steel,Psychic,0.3,1.1,Serene Grace,,,600,100,100,100,100,100,100,
386,Deoxys Normal Forme,3,Mythical,DNA ,Psychic,,1.7,60.8,Pressure,,,600,50,150,50,150,50,150,
387,Turtwig,4,Normal,Tiny Leaf ,Grass,,0.4,10.2,Overgrow,,Shell Armor,318,55,68,64,45,55,31,
388,Grotle,4,Normal,Grove ,Grass,,1.1,97,Overgrow,,Shell Armor,405,75,89,85,55,65,36,
389,Torterra,4,Normal,Continent ,Grass,Ground,2.2,310,Overgrow,,Shell Armor,525,95,109,105,75,85,56,
390,Chimchar,4,Normal,Chimp ,Fire,,0.5,6.2,Blaze,,Iron Fist,309,44,58,44,58,44,61,
391,Monferno,4,Normal,Playful ,Fire,Fighting,0.9,22,Blaze,,Iron Fist,405,64,78,52,78,52,81,
392,Infernape,4,Normal,Flame ,Fire,Fighting,1.2,55,Blaze,,Iron Fist,534,76,104,71,104,71,108,
393,Piplup,4,Normal,Penguin ,Water,,0.4,5.2,Torrent,,Defiant,314,53,51,53,61,56,40,
394,Prinplup,4,Normal,Penguin ,Water,,0.8,23,Torrent,,Defiant,405,64,66,68,81,76,50,
395,Empoleon,4,Normal,Emperor ,Water,Steel,1.7,84.5,Torrent,,Defiant,530,84,86,88,111,101,60,
396,Starly,4,Normal,Starling ,Normal,Flying,0.3,2,Keen Eye,,Reckless,245,40,55,30,30,30,60,
397,Staravia,4,Normal,Starling ,Normal,Flying,0.6,15.5,Intimidate,,Reckless,340,55,75,50,40,40,80,
398,Staraptor,4,Normal,Predator ,Normal,Flying,1.2,24.9,Intimidate,,Reckless,485,85,120,70,50,60,100,
399,Bidoof,4,Normal,Plump Mouse ,Normal,,0.5,20,Simple,Unaware,Moody,250,59,45,40,35,40,31,
400,Bibarel,4,Normal,Beaver ,Normal,Water,1,31.5,Simple,Unaware,Moody,410,79,85,60,55,60,71,
401,Kricketot,4,Normal,Cricket ,Bug,,0.3,2.2,Shed Skin,,Run Away,194,37,25,41,25,41,25,
402,Kricketune,4,Normal,Cricket ,Bug,,1,25.5,Swarm,,Technician,384,77,85,51,55,51,65,
403,Shinx,4,Normal,Flash ,Electric,,0.5,9.5,Rivalry,Intimidate,Guts,263,45,65,34,40,34,45,
404,Luxio,4,Normal,Spark ,Electric,,0.9,30.5,Rivalry,Intimidate,Guts,363,60,85,49,60,49,60,
405,Luxray,4,Normal,Gleam Eyes ,Electric,,1.4,42,Rivalry,Intimidate,Guts,523,80,120,79,95,79,70,
406,Budew,4,Normal,Bud ,Grass,Poison,0.2,1.2,Natural Cure,Poison Point,Leaf Guard,280,40,30,35,50,70,55,
407,Roserade,4,Normal,Bouquet ,Grass,Poison,0.9,14.5,Natural Cure,Poison Point,Technician,515,60,70,65,125,105,90,
408,Cranidos,4,Normal,Head Butt ,Rock,,0.9,31.5,Mold Breaker,,Sheer Force,350,67,125,40,30,30,58,
409,Rampardos,4,Normal,Head Butt ,Rock,,1.6,102.5,Mold Breaker,,Sheer Force,495,97,165,60,65,50,58,
410,Shieldon,4,Normal,Shield ,Rock,Steel,0.5,57,Sturdy,,Soundproof,350,30,42,118,42,88,30,
411,Bastiodon,4,Normal,Shield ,Rock,Steel,1.3,149.5,Sturdy,,Soundproof,495,60,52,168,47,138,30,
412,Burmy,4,Normal,Bagworm ,Bug,,0.2,3.4,Shed Skin,,Overcoat,224,40,29,45,29,45,36,
413,Wormadam Plant Cloak,4,Normal,Bagworm ,Bug,Grass,0.5,6.5,Anticipation,,Overcoat,424,60,59,85,79,105,36,
414,Mothim,4,Normal,Moth ,Bug,Flying,0.9,23.3,Swarm,,Tinted Lens,424,70,94,50,94,50,66,
415,Combee,4,Normal,Tiny Bee ,Bug,Flying,0.3,5.5,Honey Gather,,Hustle,244,30,30,42,30,42,70,
416,Vespiquen,4,Normal,Beehive ,Bug,Flying,1.2,38.5,Pressure,,Unnerve,474,70,80,102,80,102,40,
417,Pachirisu,4,Normal,EleSquirrel ,Electric,,0.4,3.9,Run Away,Pickup,Volt Absorb,405,60,45,70,45,90,95,
418,Buizel,4,Normal,Sea Weasel ,Water,,0.7,29.5,Swift Swim,,Water Veil,330,55,65,35,60,30,85,
419,Floatzel,4,Normal,Sea Weasel ,Water,,1.1,33.5,Swift Swim,,Water Veil,495,85,105,55,85,50,115,
420,Cherubi,4,Normal,Cherry ,Grass,,0.4,3.3,Chlorophyll,,,275,45,35,45,62,53,35,
421,Cherrim,4,Normal,Blossom ,Grass,,0.5,9.3,Flower Gift,,,450,70,60,70,87,78,85,
422,Shellos,4,Normal,Sea Slug ,Water,,0.3,6.3,Sticky Hold,Storm Drain,Sand Force,325,76,48,48,57,62,34,
423,Gastrodon,4,Normal,Sea Slug ,Water,Ground,0.9,29.9,Sticky Hold,Storm Drain,Sand Force,475,111,83,68,92,82,39,
424,Ambipom,4,Normal,Long Tail ,Normal,,1.2,20.3,Technician,Pickup,Skill Link,482,75,100,66,60,66,115,
425,Drifloon,4,Normal,Balloon ,Ghost,Flying,0.4,1.2,Aftermath,Unburden,Flare Boost,348,90,50,34,60,44,70,
426,Drifblim,4,Normal,Blimp ,Ghost,Flying,1.2,15,Aftermath,Unburden,Flare Boost,498,150,80,44,90,54,80,
427,Buneary,4,Normal,Rabbit ,Normal,,0.4,5.5,Run Away,Klutz,Limber,350,55,66,44,44,56,85,
428,Lopunny,4,Normal,Rabbit ,Normal,,1.2,33.3,Cute Charm,Klutz,Limber,480,65,76,84,54,96,105,
429,Mismagius,4,Normal,Magical ,Ghost,,0.9,4.4,Levitate,,,495,60,60,60,105,105,105,
430,Honchkrow,4,Normal,Big Boss ,Dark,Flying,0.9,27.3,Insomnia,Super Luck,Moxie,505,100,125,52,105,52,71,
431,Glameow,4,Normal,Catty ,Normal,,0.5,3.9,Limber,Own Tempo,Keen Eye,310,49,55,42,42,37,85,
432,Purugly,4,Normal,Tiger Cat ,Normal,,1,43.8,Thick Fat,Own Tempo,Defiant,452,71,82,64,64,59,112,
433,Chingling,4,Normal,Bell ,Psychic,,0.2,0.6,Levitate,,,285,45,30,50,65,50,45,
434,Stunky,4,Normal,Skunk ,Poison,Dark,0.4,19.2,Stench,Aftermath,Keen Eye,329,63,63,47,41,41,74,
435,Skuntank,4,Normal,Skunk ,Poison,Dark,1,38,Stench,Aftermath,Keen Eye,479,103,93,67,71,61,84,
436,Bronzor,4,Normal,Bronze ,Steel,Psychic,0.5,60.5,Levitate,Heatproof,Heavy Metal,300,57,24,86,24,86,23,
437,Bronzong,4,Normal,Bronze Bell ,Steel,Psychic,1.3,187,Levitate,Heatproof,Heavy Metal,500,67,89,116,79,116,33,
438,Bonsly,4,Normal,Bonsai ,Rock,,0.5,15,Sturdy,Rock Head,Rattled,290,50,80,95,10,45,10,
439,Mime Jr.,4,Normal,Mime ,Psychic,Fairy,0.6,13,Soundproof,Filter,Technician,310,20,25,45,70,90,60,
440,Happiny,4,Normal,Playhouse ,Normal,,0.6,24.4,Natural Cure,Serene Grace,Friend Guard,220,100,5,5,15,65,30,
441,Chatot,4,Normal,Music Note ,Normal,Flying,0.5,1.9,Keen Eye,Tangled Feet,Big Pecks,411,76,65,45,92,42,91,
442,Spiritomb,4,Normal,Forbidden ,Ghost,Dark,1,108,Pressure,,Infiltrator,485,50,92,108,92,108,35,
443,Gible,4,Normal,Land Shark ,Dragon,Ground,0.7,20.5,Sand Veil,,Rough Skin,300,58,70,45,40,45,42,
444,Gabite,4,Normal,Cave ,Dragon,Ground,1.4,56,Sand Veil,,Rough Skin,410,68,90,65,50,55,82,
445,Garchomp,4,Normal,Mach ,Dragon,Ground,1.9,95,Sand Veil,,Rough Skin,600,108,130,95,80,85,102,
446,Munchlax,4,Normal,Big Eater ,Normal,,0.6,105,Pickup,Thick Fat,Gluttony,390,135,85,40,40,85,5,
447,Riolu,4,Normal,Emanation ,Fighting,,0.7,20.2,Steadfast,Inner Focus,Prankster,285,40,70,40,35,40,60,
448,Lucario,4,Normal,Aura ,Fighting,Steel,1.2,54,Steadfast,Inner Focus,Justified,525,70,110,70,115,70,90,
449,Hippopotas,4,Normal,Hippo ,Ground,,0.8,49.5,Sand Stream,,Sand Force,330,68,72,78,38,42,32,
450,Hippowdon,4,Normal,Heavyweight ,Ground,,2,300,Sand Stream,,Sand Force,525,108,112,118,68,72,47,
451,Skorupi,4,Normal,Scorpion ,Poison,Bug,0.8,12,Battle Armor,Sniper,Keen Eye,330,40,50,90,30,55,65,
452,Drapion,4,Normal,Ogre Scorp ,Poison,Dark,1.3,61.5,Battle Armor,Sniper,Keen Eye,500,70,90,110,60,75,95,
453,Croagunk,4,Normal,Toxic Mouth ,Poison,Fighting,0.7,23,Anticipation,Dry Skin,Poison Touch,300,48,61,40,61,40,50,
454,Toxicroak,4,Normal,Toxic Mouth ,Poison,Fighting,1.3,44.4,Anticipation,Dry Skin,Poison Touch,490,83,106,65,86,65,85,
455,Carnivine,4,Normal,Bug Catcher ,Grass,,1.4,27,Levitate,,,454,74,100,72,90,72,46,
456,Finneon,4,Normal,Wing Fish ,Water,,0.4,7,Swift Swim,Storm Drain,Water Veil,330,49,49,56,49,61,66,
457,Lumineon,4,Normal,Neon ,Water,,1.2,24,Swift Swim,Storm Drain,Water Veil,460,69,69,76,69,86,91,
458,Mantyke,4,Normal,Kite ,Water,Flying,1,65,Swift Swim,Water Absorb,Water Veil,345,45,20,50,60,120,50,
459,Snover,4,Normal,Frost Tree ,Grass,Ice,1,50.5,Snow Warning,,Soundproof,334,60,62,50,62,60,40,
460,Abomasnow,4,Normal,Frost Tree ,Grass,Ice,2.2,135.5,Snow Warning,,Soundproof,494,90,92,75,92,85,60,
461,Weavile,4,Normal,Sharp Claw ,Dark,Ice,1.1,34,Pressure,,Pickpocket,510,70,120,65,45,85,125,
462,Magnezone,4,Normal,Magnet Area ,Electric,Steel,1.2,180,Magnet Pull,Sturdy,Analytic,535,70,70,115,130,90,60,
463,Lickilicky,4,Normal,Licking ,Normal,,1.7,140,Own Tempo,Oblivious,Cloud Nine,515,110,85,95,80,95,50,
464,Rhyperior,4,Normal,Drill ,Ground,Rock,2.4,282.8,Lightning Rod,Solid Rock,Reckless,535,115,140,130,55,55,40,
465,Tangrowth,4,Normal,Vine ,Grass,,2,128.6,Chlorophyll,Leaf Guard,Regenerator,535,100,100,125,110,50,50,
466,Electivire,4,Normal,Thunderbolt ,Electric,,1.8,138.6,Motor Drive,,Vital Spirit,540,75,123,67,95,85,95,
467,Magmortar,4,Normal,Blast ,Fire,,1.6,68,Flame Body,,Vital Spirit,540,75,95,67,125,95,83,
468,Togekiss,4,Normal,Jubilee ,Fairy,Flying,1.5,38,Hustle,Serene Grace,Super Luck,545,85,50,95,120,115,80,
469,Yanmega,4,Normal,Ogre Darner,Bug,Flying,1.9,51.5,Speed Boost,Tinted Lens,Frisk,515,86,76,86,116,56,95,
470,Leafeon,4,Normal,Verdant ,Grass,,1,25.5,Leaf Guard,,Chlorophyll,525,65,110,130,60,65,95,
471,Glaceon,4,Normal,Fresh Snow ,Ice,,0.8,25.9,Snow Cloak,,Ice Body,525,65,60,110,130,95,65,
472,Gliscor,4,Normal,Fang Scorp ,Ground,Flying,2,42.5,Hyper Cutter,Sand Veil,Poison Heal,510,75,95,125,45,75,95,
473,Mamoswine,4,Normal,Twin Tusk ,Ice,Ground,2.5,291,Oblivious,Snow Cloak,Thick Fat,530,110,130,80,70,60,80,
474,Porygon-Z,4,Normal,Virtual ,Normal,,0.9,34,Adaptability,Download,Analytic,535,85,80,70,135,75,90,
475,Gallade,4,Normal,Blade ,Psychic,Fighting,1.6,52,Steadfast,,Justified,518,68,125,65,65,115,80,
476,Probopass,4,Normal,Compass ,Rock,Steel,1.4,340,Sturdy,Magnet Pull,Sand Force,525,60,55,145,75,150,40,
477,Dusknoir,4,Normal,Gripper ,Ghost,,2.2,106.6,Pressure,,Frisk,525,45,100,135,65,135,45,
478,Froslass,4,Normal,Snow Land ,Ice,Ghost,1.3,26.6,Snow Cloak,,Cursed Body,480,70,80,70,80,70,110,
479,Rotom,4,Normal,Plasma ,Electric,Ghost,0.3,0.3,Levitate,,,440,50,50,77,95,77,91,
480,Uxie,4,Sub Legendary,Knowledge ,Psychic,,0.3,0.3,Levitate,,,580,75,75,130,75,130,95,
481,Mesprit,4,Sub Legendary,Emotion ,Psychic,,0.3,0.3,Levitate,,,580,80,105,105,105,105,80,
482,Azelf,4,Sub Legendary,Willpower ,Psychic,,0.3,0.3,Levitate,,,580,75,125,70,125,70,115,
483,Dialga,4,Legendary,Temporal ,Steel,Dragon,5.4,683,Pressure,,Telepathy,680,100,120,120,150,100,90,
484,Palkia,4,Legendary,Spatial ,Water,Dragon,4.2,336,Pressure,,Telepathy,680,90,120,100,150,120,100,
485,Heatran,4,Sub Legendary,Lava Dome ,Fire,Steel,1.7,430,Flash Fire,,Flame Body,600,91,90,106,130,106,77,
486,Regigigas,4,Sub Legendary,Colossal ,Normal,,3.7,420,Slow Start,,,670,110,160,110,80,110,100,
487,Giratina Origin Forme,4,Legendary,Renegade ,Ghost,Dragon,6.9,650,Levitate,,,680,150,120,100,120,100,90,
488,Cresselia,4,Sub Legendary,Lunar ,Psychic,,1.5,85.6,Levitate,,,600,120,70,120,75,130,85,
489,Phione,4,Mythical,Sea Drifter ,Water,,0.4,3.1,Hydration,,,480,80,80,80,80,80,80,
490,Manaphy,4,Mythical,Seafaring ,Water,,0.3,1.4,Hydration,,,600,100,100,100,100,100,100,
491,Darkrai,4,Mythical,Pitch-Black ,Dark,,1.5,50.5,Bad Dreams,,,600,70,90,90,135,90,125,
492,Shaymin Land Forme,4,Mythical,Gratitude ,Grass,,0.2,2.1,Natural Cure,,,600,100,100,100,100,100,100,
493,Arceus,4,Mythical,Alpha ,Normal,,3.2,320,Multitype,,,720,120,120,120,120,120,120,
494,Victini,5,Mythical,Victory ,Psychic,Fire,0.4,4,Victory Star,,,600,100,100,100,100,100,100,
495,Snivy,5,Normal,Grass Snake ,Grass,,0.6,8.1,Overgrow,,Contrary,308,45,45,55,45,55,63,
496,Servine,5,Normal,Grass Snake ,Grass,,0.8,16,Overgrow,,Contrary,413,60,60,75,60,75,83,
497,Serperior,5,Normal,Regal ,Grass,,3.3,63,Overgrow,,Contrary,528,75,75,95,75,95,113,
498,Tepig,5,Normal,Fire Pig ,Fire,,0.5,9.9,Blaze,,Thick Fat,308,65,63,45,45,45,45,
499,Pignite,5,Normal,Fire Pig ,Fire,Fighting,1,55.5,Blaze,,Thick Fat,418,90,93,55,70,55,55,
500,Emboar,5,Normal,,Fire,Fighting,1.6,150,Blaze,,Reckless,528,110,123,65,100,65,65,
501,Oshawott,5,Normal,Sea Otter ,Water,,0.5,5.9,Torrent,,Shell Armor,308,55,55,45,63,45,45,
502,Dewott,5,Normal,Discipline ,Water,,0.8,24.5,Torrent,,Shell Armor,413,75,75,60,83,60,60,
503,Samurott,5,Normal,Formidable ,Water,,1.5,94.6,Torrent,,Shell Armor,528,95,100,85,108,70,70,
504,Patrat,5,Normal,Scout ,Normal,,0.5,11.6,Run Away,Keen Eye,Analytic,255,45,55,39,35,39,42,
505,Watchog,5,Normal,Lookout ,Normal,,1.1,27,Illuminate,Keen Eye,Analytic,420,60,85,69,60,69,77,
506,Lillipup,5,Normal,Puppy ,Normal,,0.4,4.1,Vital Spirit,Pickup,Run Away,275,45,60,45,25,45,55,
507,Herdier,5,Normal,Loyal Dog ,Normal,,0.9,14.7,Intimidate,Sand Rush,Scrappy,370,65,80,65,35,65,60,
508,Stoutland,5,Normal,Big-Hearted ,Normal,,1.2,61,Intimidate,Sand Rush,Scrappy,500,85,110,90,45,90,80,
509,Purrloin,5,Normal,Devious ,Dark,,0.4,10.1,Limber,Unburden,Prankster,281,41,50,37,50,37,66,
510,Liepard,5,Normal,Cruel ,Dark,,1.1,37.5,Limber,Unburden,Prankster,446,64,88,50,88,50,106,
511,Pansage,5,Normal,Grass Monkey ,Grass,,0.6,10.5,Gluttony,,Overgrow,316,50,53,48,53,48,64,
512,Simisage,5,Normal,Thorn Monkey ,Grass,,1.1,30.5,Gluttony,,Overgrow,498,75,98,63,98,63,101,
513,Pansear,5,Normal,High Temp ,Fire,,0.6,11,Gluttony,,Blaze,316,50,53,48,53,48,64,
514,Simisear,5,Normal,Ember ,Fire,,1,28,Gluttony,,Blaze,498,75,98,63,98,63,101,
515,Panpour,5,Normal,Spray ,Water,,0.6,13.5,Gluttony,,Torrent,316,50,53,48,53,48,64,
516,Simipour,5,Normal,Geyser ,Water,,1,29,Gluttony,,Torrent,498,75,98,63,98,63,101,
517,Munna,5,Normal,Dream Eater ,Psychic,,0.6,23.3,Forewarn,Synchronize,Telepathy,292,76,25,45,67,55,24,
518,Musharna,5,Normal,Drowsing ,Psychic,,1.1,60.5,Forewarn,Synchronize,Telepathy,487,116,55,85,107,95,29,
519,Pidove,5,Normal,Tiny Pigeon ,Normal,Flying,0.3,2.1,Big Pecks,Super Luck,Rivalry,264,50,55,50,36,30,43,
520,Tranquill,5,Normal,Wild Pigeon ,Normal,Flying,0.6,15,Big Pecks,Super Luck,Rivalry,358,62,77,62,50,42,65,
521,Unfezant,5,Normal,Proud ,Normal,Flying,1.2,29,Big Pecks,Super Luck,Rivalry,488,80,115,80,65,55,93,
522,Blitzle,5,Normal,Electrified ,Electric,,0.8,29.8,Lightning Rod,Motor Drive,Sap Sipper,295,45,60,32,50,32,76,
523,Zebstrika,5,Normal,Thunderbolt ,Electric,,1.6,79.5,Lightning Rod,Motor Drive,Sap Sipper,497,75,100,63,80,63,116,
524,Roggenrola,5,Normal,Mantle ,Rock,,0.4,18,Sturdy,Weak Armor,Sand Force,280,55,75,85,25,25,15,
525,Boldore,5,Normal,Ore ,Rock,,0.9,102,Sturdy,Weak Armor,Sand Force,390,70,105,105,50,40,20,
526,Gigalith,5,Normal,Compressed ,Rock,,1.7,260,Sturdy,Sand Stream,Sand Force,515,85,135,130,60,80,25,
527,Woobat,5,Normal,Bat ,Psychic,Flying,0.4,2.1,Unaware,Klutz,Simple,323,65,45,43,55,43,72,
528,Swoobat,5,Normal,Courting ,Psychic,Flying,0.9,10.5,Unaware,Klutz,Simple,425,67,57,55,77,55,114,
529,Drilbur,5,Normal,Mole ,Ground,,0.3,8.5,Sand Rush,Sand Force,Mold Breaker,328,60,85,40,30,45,68,
530,Excadrill,5,Normal,Subterrene ,Ground,Steel,0.7,40.4,Sand Rush,Sand Force,Mold Breaker,508,110,135,60,50,65,88,
531,Audino,5,Normal,Hearing ,Normal,,1.1,31,Healer,Regenerator,Klutz,445,103,60,86,60,86,50,
532,Timburr,5,Normal,Muscular ,Fighting,,0.6,12.5,Guts,Sheer Force,Iron Fist,305,75,80,55,25,35,35,
533,Gurdurr,5,Normal,Muscular ,Fighting,,1.2,40,Guts,Sheer Force,Iron Fist,405,85,105,85,40,50,40,
534,Conkeldurr,5,Normal,Muscular ,Fighting,,1.4,87,Guts,Sheer Force,Iron Fist,505,105,140,95,55,65,45,
535,Tympole,5,Normal,Tadpole ,Water,,0.5,4.5,Swift Swim,Hydration,Water Absorb,294,50,50,40,50,40,64,
536,Palpitoad,5,Normal,Vibration ,Water,Ground,0.8,17,Swift Swim,Hydration,Water Absorb,384,75,65,55,65,55,69,
537,Seismitoad,5,Normal,Vibration ,Water,Ground,1.5,62,Swift Swim,Poison Touch,Water Absorb,509,105,95,75,85,75,74,
538,Throh,5,Normal,Judo ,Fighting,,1.3,55.5,Guts,Inner Focus,Mold Breaker,465,120,100,85,30,85,45,
539,Sawk,5,Normal,Karate ,Fighting,,1.4,51,Sturdy,Inner Focus,Mold Breaker,465,75,125,75,30,75,85,
540,Sewaddle,5,Normal,Sewing ,Bug,Grass,0.3,2.5,Swarm,Chlorophyll,Overcoat,310,45,53,70,40,60,42,
541,Swadloon,5,Normal,Leaf-Wrapped ,Bug,Grass,0.5,7.3,Leaf Guard,Chlorophyll,Overcoat,380,55,63,90,50,80,42,
542,Leavanny,5,Normal,Nurturing ,Bug,Grass,1.2,20.5,Swarm,Chlorophyll,Overcoat,500,75,103,80,70,80,92,
543,Venipede,5,Normal,Centipede ,Bug,Poison,0.4,5.3,Poison Point,Swarm,Speed Boost,260,30,45,59,30,39,57,
544,Whirlipede,5,Normal,Curlipede ,Bug,Poison,1.2,58.5,Poison Point,Swarm,Speed Boost,360,40,55,99,40,79,47,
545,Scolipede,5,Normal,,Bug,Poison,2.5,200.5,Poison Point,Swarm,Speed Boost,485,60,100,89,55,69,112,
546,Cottonee,5,Normal,Cotton Puff ,Grass,Fairy,0.3,0.6,Prankster,Infiltrator,Chlorophyll,280,40,27,60,37,50,66,
547,Whimsicott,5,Normal,Windveiled ,Grass,Fairy,0.7,6.6,Prankster,Infiltrator,Chlorophyll,480,60,67,85,77,75,116,
548,Petilil,5,Normal,Bulb ,Grass,,0.5,6.6,Chlorophyll,Own Tempo,Leaf Guard,280,45,35,50,70,50,30,
549,Lilligant,5,Normal,Flowering ,Grass,,1.1,16.3,Chlorophyll,Own Tempo,Leaf Guard,480,70,60,75,110,75,90,
550,Basculin,5,Normal,Hostile ,Water,,1,18,Reckless,Adaptability,Mold Breaker,460,70,92,65,80,55,98,
551,Sandile,5,Normal,Desert Croc ,Ground,Dark,0.7,15.2,Intimidate,Moxie,Anger Point,292,50,72,35,35,35,65,
552,Krokorok,5,Normal,Desert Croc ,Ground,Dark,1,33.4,Intimidate,Moxie,Anger Point,351,60,82,45,45,45,74,
553,Krookodile,5,Normal,Intimidation ,Ground,Dark,1.5,96.3,Intimidate,Moxie,Anger Point,519,95,117,80,65,70,92,
554,Darumaka,5,Normal,Zen Charm ,Fire,,0.6,37.5,Hustle,,Inner Focus,315,70,90,45,15,45,50,
555,Darmanitan,5,Normal,Blazing ,Fire,,1.3,92.9,Sheer Force,,Zen Mode,480,105,140,55,30,55,95,
556,Maractus,5,Normal,Cactus ,Grass,,1,28,Water Absorb,Chlorophyll,Storm Drain,461,75,86,67,106,67,60,
557,Dwebble,5,Normal,Rock Inn ,Bug,Rock,0.3,14.5,Sturdy,Shell Armor,Weak Armor,325,50,65,85,35,35,55,
558,Crustle,5,Normal,Stone Home ,Bug,Rock,1.4,200,Sturdy,Shell Armor,Weak Armor,485,70,105,125,65,75,45,
559,Scraggy,5,Normal,Shedding ,Dark,Fighting,0.6,11.8,Shed Skin,Moxie,Intimidate,348,50,75,70,35,70,48,
560,Scrafty,5,Normal,Hoodlum ,Dark,Fighting,1.1,30,Shed Skin,Moxie,Intimidate,488,65,90,115,45,115,58,
561,Sigilyph,5,Normal,Avianoid ,Psychic,Flying,1.4,14,Wonder Skin,Magic Guard,Tinted Lens,490,72,58,80,103,80,97,
562,Yamask,5,Normal,Spirit ,Ghost,,0.5,1.5,Mummy,,,303,38,30,85,55,65,30,
563,Cofagrigus,5,Normal,Coffin ,Ghost,,1.7,76.5,Mummy,,,483,58,50,145,95,105,30,
564,Tirtouga,5,Normal,Prototurtle ,Water,Rock,0.7,16.5,Solid Rock,Sturdy,Swift Swim,355,54,78,103,53,45,22,
565,Carracosta,5,Normal,Prototurtle ,Water,Rock,1.2,81,Solid Rock,Sturdy,Swift Swim,495,74,108,133,83,65,32,
566,Archen,5,Normal,First Bird ,Rock,Flying,0.5,9.5,Defeatist,,,401,55,112,45,74,45,70,
567,Archeops,5,Normal,First Bird ,Rock,Flying,1.4,32,Defeatist,,,567,75,140,65,112,65,110,
568,Trubbish,5,Normal,Trash Bag ,Poison,,0.6,31,Stench,Sticky Hold,Aftermath,329,50,50,62,40,62,65,
569,Garbodor,5,Normal,Trash Heap ,Poison,,1.9,107.3,Stench,Weak Armor,Aftermath,474,80,95,82,60,82,75,
570,Zorua,5,Normal,Tricky Fox ,Dark,,0.7,12.5,Illusion,,,330,40,65,40,80,40,65,
571,Zoroark,5,Normal,Illusion Fox ,Dark,,1.6,81.1,Illusion,,,510,60,105,60,120,60,105,
572,Minccino,5,Normal,Chinchilla ,Normal,,0.4,5.8,Cute Charm,Technician,Skill Link,300,55,50,40,40,40,75,
573,Cinccino,5,Normal,Scarf ,Normal,,0.5,7.5,Cute Charm,Technician,Skill Link,470,75,95,60,65,60,115,
574,Gothita,5,Normal,Fixation ,Psychic,,0.4,5.8,Frisk,Competitive,Shadow Tag,290,45,30,50,55,65,45,
575,Gothorita,5,Normal,Manipulate ,Psychic,,0.7,18,Frisk,Competitive,Shadow Tag,390,60,45,70,75,85,55,
576,Gothitelle,5,Normal,Astral Body ,Psychic,,1.5,44,Frisk,Competitive,Shadow Tag,490,70,55,95,95,110,65,
577,Solosis,5,Normal,Cell ,Psychic,,0.3,1,Overcoat,Magic Guard,Regenerator,290,45,30,40,105,50,20,
578,Duosion,5,Normal,Mitosis ,Psychic,,0.6,8,Overcoat,Magic Guard,Regenerator,370,65,40,50,125,60,30,
579,Reuniclus,5,Normal,Multiplying ,Psychic,,1,20.1,Overcoat,Magic Guard,Regenerator,490,110,65,75,125,85,30,
580,Ducklett,5,Normal,Water Bird ,Water,Flying,0.5,5.5,Keen Eye,Big Pecks,Hydration,305,62,44,50,44,50,55,
581,Swanna,5,Normal,White Bird ,Water,Flying,1.3,24.2,Keen Eye,Big Pecks,Hydration,473,75,87,63,87,63,98,
582,Vanillite,5,Normal,Fresh Snow ,Ice,,0.4,5.7,Ice Body,Snow Cloak,Weak Armor,305,36,50,50,65,60,44,
583,Vanillish,5,Normal,Icy Snow ,Ice,,1.1,41,Ice Body,Snow Cloak,Weak Armor,395,51,65,65,80,75,59,
584,Vanilluxe,5,Normal,Snowstorm ,Ice,,1.3,57.5,Ice Body,Snow Warning,Weak Armor,535,71,95,85,110,95,79,
585,Deerling,5,Normal,Season ,Normal,Grass,0.6,19.5,Chlorophyll,Sap Sipper,Serene Grace,335,60,60,50,40,50,75,
586,Sawsbuck,5,Normal,Season ,Normal,Grass,1.9,92.5,Chlorophyll,Sap Sipper,Serene Grace,475,80,100,70,60,70,95,
587,Emolga,5,Normal,Sky Squirrel ,Electric,Flying,0.4,5,Static,,Motor Drive,428,55,75,60,75,60,103,
588,Karrablast,5,Normal,Clamping ,Bug,,0.5,5.9,Swarm,Shed Skin,No Guard,315,50,75,45,40,45,60,
589,Escavalier,5,Normal,Cavalry ,Bug,Steel,1,33,Swarm,Shell Armor,Overcoat,495,70,135,105,60,105,20,
590,Foongus,5,Normal,Mushroom ,Grass,Poison,0.2,1,Effect Spore,,Regenerator,294,69,55,45,55,55,15,
591,Amoonguss,5,Normal,Mushroom ,Grass,Poison,0.6,10.5,Effect Spore,,Regenerator,464,114,85,70,85,80,30,
592,Frillish,5,Normal,Floating ,Water,Ghost,1.2,33,Water Absorb,Cursed Body,Damp,335,55,40,50,65,85,40,
593,Jellicent,5,Normal,Floating ,Water,Ghost,2.2,135,Water Absorb,Cursed Body,Damp,480,100,60,70,85,105,60,
594,Alomomola,5,Normal,Caring ,Water,,1.2,31.6,Healer,Hydration,Regenerator,470,165,75,80,40,45,65,
595,Joltik,5,Normal,Attaching ,Bug,Electric,0.1,0.6,Compound Eyes,Unnerve,Swarm,319,50,47,50,57,50,65,
596,Galvantula,5,Normal,EleSpider ,Bug,Electric,0.8,14.3,Compound Eyes,Unnerve,Swarm,472,70,77,60,97,60,108,
597,Ferroseed,5,Normal,Thorn Seed ,Grass,Steel,0.6,18.8,Iron Barbs,,Anticipation,305,44,50,91,24,86,10,
598,Ferrothorn,5,Normal,Thorn Pod ,Grass,Steel,1,110,Iron Barbs,,Anticipation,489,74,94,131,54,116,20,
599,Klink,5,Normal,Gear ,Steel,,0.3,21,Plus,Minus,Clear Body,300,40,55,70,45,60,30,
600,Klang,5,Normal,Gear ,Steel,,0.6,51,Plus,Minus,Clear Body,440,60,80,95,70,85,50,
601,Klinklang,5,Normal,Gear ,Steel,,0.6,81,Plus,Minus,Clear Body,520,60,100,115,70,85,90,
602,Tynamo,5,Normal,EleFish ,Electric,,0.2,0.3,Levitate,,,275,35,55,40,45,40,60,
603,Eelektrik,5,Normal,EleFish ,Electric,,1.2,22,Levitate,,,405,65,85,70,75,70,40,
604,Eelektross,5,Normal,EleFish ,Electric,,2.1,80.5,Levitate,,,515,85,115,80,105,80,50,
605,Elgyem,5,Normal,Cerebral ,Psychic,,0.5,9,Telepathy,Synchronize,Analytic,335,55,55,55,85,55,30,
606,Beheeyem,5,Normal,Cerebral ,Psychic,,1,34.5,Telepathy,Synchronize,Analytic,485,75,75,75,125,95,40,
607,Litwick,5,Normal,Candle ,Ghost,Fire,0.3,3.1,Flash Fire,Flame Body,Infiltrator,275,50,30,55,65,55,20,
608,Lampent,5,Normal,Lamp ,Ghost,Fire,0.6,13,Flash Fire,Flame Body,Infiltrator,370,60,40,60,95,60,55,
609,Chandelure,5,Normal,Luring ,Ghost,Fire,1,34.3,Flash Fire,Flame Body,Infiltrator,520,60,55,90,145,90,80,
610,Axew,5,Normal,Tusk ,Dragon,,0.6,18,Rivalry,Mold Breaker,Unnerve,320,46,87,60,30,40,57,
611,Fraxure,5,Normal,Axe Jaw ,Dragon,,1,36,Rivalry,Mold Breaker,Unnerve,410,66,117,70,40,50,67,
612,Haxorus,5,Normal,Axe Jaw ,Dragon,,1.8,105.5,Rivalry,Mold Breaker,Unnerve,540,76,147,90,60,70,97,
613,Cubchoo,5,Normal,Chill ,Ice,,0.5,8.5,Snow Cloak,Slush Rush,Rattled,305,55,70,40,60,40,40,
614,Beartic,5,Normal,Freezing ,Ice,,2.6,260,Snow Cloak,Slush Rush,Swift Swim,505,95,130,80,70,80,50,
615,Cryogonal,5,Normal,Crystallizing ,Ice,,1.1,148,Levitate,,,515,80,50,50,95,135,105,
616,Shelmet,5,Normal,Snail ,Bug,,0.4,7.7,Hydration,Shell Armor,Overcoat,305,50,40,85,40,65,25,
617,Accelgor,5,Normal,Shell Out ,Bug,,0.8,25.3,Hydration,Sticky Hold,Unburden,495,80,70,40,100,60,145,
618,Stunfisk,5,Normal,Trap ,Ground,Electric,0.7,11,Static,Limber,Sand Veil,471,109,66,84,81,99,32,
619,Mienfoo,5,Normal,Martial Arts ,Fighting,,0.9,20,Inner Focus,Regenerator,Reckless,350,45,85,50,55,50,65,
620,Mienshao,5,Normal,Martial Arts ,Fighting,,1.4,35.5,Inner Focus,Regenerator,Reckless,510,65,125,60,95,60,105,
621,Druddigon,5,Normal,Cave ,Dragon,,1.6,139,Rough Skin,Sheer Force,Mold Breaker,485,77,120,90,60,90,48,
622,Golett,5,Normal,Automaton ,Ground,Ghost,1,92,Iron Fist,Klutz,No Guard,303,59,74,50,35,50,35,
623,Golurk,5,Normal,Automaton ,Ground,Ghost,2.8,330,Iron Fist,Klutz,No Guard,483,89,124,80,55,80,55,
624,Pawniard,5,Normal,Sharp Blade ,Dark,Steel,0.5,10.2,Defiant,Inner Focus,Pressure,340,45,85,70,40,40,60,
625,Bisharp,5,Normal,Sword Blade ,Dark,Steel,1.6,70,Defiant,Inner Focus,Pressure,490,65,125,100,60,70,70,
626,Bouffalant,5,Normal,Bash Buffalo ,Normal,,1.6,94.6,Reckless,Sap Sipper,Soundproof,490,95,110,95,40,95,55,
627,Rufflet,5,Normal,Eaglet ,Normal,Flying,0.5,10.5,Keen Eye,Sheer Force,Hustle,350,70,83,50,37,50,60,
628,Braviary,5,Normal,Valiant ,Normal,Flying,1.5,41,Keen Eye,Sheer Force,Defiant,510,100,123,75,57,75,80,
629,Vullaby,5,Normal,Diapered ,Dark,Flying,0.5,9,Big Pecks,Overcoat,Weak Armor,370,70,55,75,45,65,60,
630,Mandibuzz,5,Normal,Bone Vulture ,Dark,Flying,1.2,39.5,Big Pecks,Overcoat,Weak Armor,510,110,65,105,55,95,80,
631,Heatmor,5,Normal,Anteater ,Fire,,1.4,58,Gluttony,Flash Fire,White Smoke,484,85,97,66,105,66,65,
632,Durant,5,Normal,Iron Ant ,Bug,Steel,0.3,33,Swarm,Hustle,Truant,484,58,109,112,48,48,109,
633,Deino,5,Normal,Irate ,Dark,Dragon,0.8,17.3,Hustle,,,300,52,65,50,45,50,38,
634,Zweilous,5,Normal,Hostile ,Dark,Dragon,1.4,50,Hustle,,,420,72,85,70,65,70,58,
635,Hydreigon,5,Normal,Brutal ,Dark,Dragon,1.8,160,Levitate,,,600,92,105,90,125,90,98,
636,Larvesta,5,Normal,Torch ,Bug,Fire,1.1,28.8,Flame Body,,Swarm,360,55,85,55,50,55,60,
637,Volcarona,5,Normal,Sun ,Bug,Fire,1.6,46,Flame Body,,Swarm,550,85,60,65,135,105,100,
638,Cobalion,5,Sub Legendary,Iron Will ,Steel,Fighting,2.1,250,Justified,,,580,91,90,129,90,72,108,
639,Terrakion,5,Sub Legendary,Cavern ,Rock,Fighting,1.9,260,Justified,,,580,91,129,90,72,90,108,
640,Virizion,5,Sub Legendary,Grassland ,Grass,Fighting,2,200,Justified,,,580,91,90,72,90,129,108,
641,Tornadus Incarnate Forme,5,Sub Legendary,Cyclone ,Flying,,1.5,63,Prankster,,Defiant,580,79,115,70,125,80,111,
642,Thundurus Incarnate Forme,5,Sub Legendary,Bolt Strike ,Electric,Flying,1.5,61,Prankster,,Defiant,580,79,115,70,125,80,111,
643,Reshiram,5,Legendary,Vast White ,Dragon,Fire,3.2,330,Turboblaze,,,680,100,120,100,150,120,90,
644,Zekrom,5,Legendary,Deep Black ,Dragon,Electric,2.9,345,Teravolt,,,680,100,150,120,120,100,90,
645,Landorus Incarnate Forme,5,Sub Legendary,Abundance ,Ground,Flying,1.5,68,Sand Force,,Sheer Force,600,89,125,90,115,80,101,
646,Kyurem,5,Legendary,Boundary ,Dragon,Ice,3,325,Pressure,,,660,125,130,90,130,90,95,
647,Keldeo Ordinary Forme,5,Mythical,Colt ,Water,Fighting,1.4,48.5,Justified,,,580,91,72,90,129,90,108,
648,Meloetta Aria Forme,5,Mythical,Melody ,Normal,Psychic,0.6,6.5,Serene Grace,,,600,100,77,77,128,128,90,
649,Genesect,5,Mythical,Paleozoic ,Bug,Steel,1.5,82.5,Download,,,600,71,120,95,120,95,99,
650,Chespin,6,Normal,Spiny Nut ,Grass,,0.4,9,Overgrow,,Bulletproof,313,56,61,65,48,45,38,
651,Quilladin,6,Normal,Spiny Armor ,Grass,,0.7,29,Overgrow,,Bulletproof,405,61,78,95,56,58,57,
652,Chesnaught,6,Normal,Spiny Armor ,Grass,Fighting,1.6,90,Overgrow,,Bulletproof,530,88,107,122,74,75,64,
653,Fennekin,6,Normal,Fox ,Fire,,0.4,9.4,Blaze,,Magician,307,40,45,40,62,60,60,
654,Braixen,6,Normal,Fox ,Fire,,1,14.5,Blaze,,Magician,409,59,59,58,90,70,73,
655,Delphox,6,Normal,Fox ,Fire,Psychic,1.5,39,Blaze,,Magician,534,75,69,72,114,100,104,
656,Froakie,6,Normal,Bubble Frog ,Water,,0.3,7,Torrent,,Protean,314,41,56,40,62,44,71,
657,Frogadier,6,Normal,Bubble Frog ,Water,,0.6,10.9,Torrent,,Protean,405,54,63,52,83,56,97,
658,Greninja,6,Normal,Ninja ,Water,Dark,1.5,40,Torrent,,Protean,530,72,95,67,103,71,122,
659,Bunnelby,6,Normal,Digging ,Normal,,0.4,5,Pickup,Cheek Pouch,Huge Power,237,38,36,38,32,36,57,
660,Diggersby,6,Normal,Digging ,Normal,Ground,1,42.4,Pickup,Cheek Pouch,Huge Power,423,85,56,77,50,77,78,
661,Fletchling,6,Normal,Tiny Robin ,Normal,Flying,0.3,1.7,Big Pecks,,Gale Wings,278,45,50,43,40,38,62,
662,Fletchinder,6,Normal,Ember ,Fire,Flying,0.7,16,Flame Body,,Gale Wings,382,62,73,55,56,52,84,
663,Talonflame,6,Normal,Scorching ,Fire,Flying,1.2,24.5,Flame Body,,Gale Wings,499,78,81,71,74,69,126,
664,Scatterbug,6,Normal,Scatterdust ,Bug,,0.3,2.5,Shield Dust,Compound Eyes,Friend Guard,200,38,35,40,27,25,35,
665,Spewpa,6,Normal,Scatterdust ,Bug,,0.3,8.4,Shed Skin,,Friend Guard,213,45,22,60,27,30,29,
666,Vivillon,6,Normal,Scale ,Bug,Flying,1.2,17,Shield Dust,Compound Eyes,Friend Guard,411,80,52,50,90,50,89,
667,Litleo,6,Normal,Lion Cub ,Fire,Normal,0.6,13.5,Rivalry,Unnerve,Moxie,369,62,50,58,73,54,72,
668,Pyroar,6,Normal,Royal ,Fire,Normal,1.5,81.5,Rivalry,Unnerve,Moxie,507,86,68,72,109,66,106,
669,Flabebe,6,Normal,Single Bloom ,Fairy,,0.1,0.1,Flower Veil,,Symbiosis,303,44,38,39,61,79,42,
670,Floette,6,Normal,Single Bloom ,Fairy,,0.2,0.9,Flower Veil,,Symbiosis,371,54,45,47,75,98,52,
671,Florges,6,Normal,Garden ,Fairy,,1.1,10,Flower Veil,,Symbiosis,552,78,65,68,112,154,75,
672,Skiddo,6,Normal,Mount ,Grass,,0.9,31,Sap Sipper,,Grass Pelt,350,66,65,48,62,57,52,
673,Gogoat,6,Normal,Mount ,Grass,,1.7,91,Sap Sipper,,Grass Pelt,531,123,100,62,97,81,68,
674,Pancham,6,Normal,Playful ,Fighting,,0.6,8,Iron Fist,Mold Breaker,Scrappy,348,67,82,62,46,48,43,
675,Pangoro,6,Normal,Daunting ,Fighting,Dark,2.1,136,Iron Fist,Mold Breaker,Scrappy,495,95,124,78,69,71,58,
676,Furfrou,6,Normal,Poodle ,Normal,,1.2,28,Fur Coat,,,472,75,80,60,65,90,102,
677,Espurr,6,Normal,Restraint ,Psychic,,0.3,3.5,Keen Eye,Infiltrator,Own Tempo,355,62,48,54,63,60,68,
678,Meowstic Male,6,Normal,Constraint ,Psychic,,0.6,8.5,Keen Eye,Infiltrator,Prankster,466,74,48,76,83,81,104,
679,Honedge,6,Normal,Sword ,Steel,Ghost,0.8,2,No Guard,,,325,45,80,100,35,37,28,
680,Doublade,6,Normal,Sword ,Steel,Ghost,0.8,4.5,No Guard,,,448,59,110,150,45,49,35,
681,Aegislash Blade Forme,6,Normal,Royal Sword ,Steel,Ghost,1.7,53,Stance Change,,,520,60,150,50,150,50,60,
682,Spritzee,6,Normal,Perfume ,Fairy,,0.2,0.5,Healer,,Aroma Veil,341,78,52,60,63,65,23,
683,Aromatisse,6,Normal,Fragrance ,Fairy,,0.8,15.5,Healer,,Aroma Veil,462,101,72,72,99,89,29,
684,Swirlix,6,Normal,Cotton Candy ,Fairy,,0.4,3.5,Sweet Veil,,Unburden,341,62,48,66,59,57,49,
685,Slurpuff,6,Normal,Meringue ,Fairy,,0.8,5,Sweet Veil,,Unburden,480,82,80,86,85,75,72,
686,Inkay,6,Normal,Revolving ,Dark,Psychic,0.4,3.5,Contrary,Suction Cups,Infiltrator,288,53,54,53,37,46,45,
687,Malamar,6,Normal,Overturning ,Dark,Psychic,1.5,47,Contrary,Suction Cups,Infiltrator,482,86,92,88,68,75,73,
688,Binacle,6,Normal,Two-Handed ,Rock,Water,0.5,31,Sniper,Tough Claws,Pickpocket,306,42,52,67,39,56,50,
689,Barbaracle,6,Normal,Collective ,Rock,Water,1.3,96,Sniper,Tough Claws,Pickpocket,500,72,105,115,54,86,68,
690,Skrelp,6,Normal,Mock Kelp ,Poison,Water,0.5,7.3,Poison Point,Poison Touch,Adaptability,320,50,60,60,60,60,30,
691,Dragalge,6,Normal,Mock Kelp ,Poison,Dragon,1.8,81.5,Poison Point,Poison Touch,Adaptability,494,65,75,90,97,123,44,
692,Clauncher,6,Normal,Water Gun ,Water,,0.5,8.3,,,,330,50,53,62,58,63,44,
693,Clawitzer,6,Normal,Howitzer ,Water,,1.3,35.3,,,,500,71,73,88,120,89,59,
694,Helioptile,6,Normal,Generator ,Electric,Normal,0.5,6,Dry Skin,Sand Veil,Solar Power,289,44,38,33,61,43,70,
695,Heliolisk,6,Normal,Generator ,Electric,Normal,1,21,Dry Skin,Sand Veil,Solar Power,481,62,55,52,109,94,109,
696,Tyrunt,6,Normal,Royal Heir ,Rock,Dragon,0.8,26,Strong Jaw,,Sturdy,362,58,89,77,45,45,48,
697,Tyrantrum,6,Normal,Despot ,Rock,Dragon,2.5,270,Strong Jaw,,Rock Head,521,82,121,119,69,59,71,
698,Amaura,6,Normal,Tundra ,Rock,Ice,1.3,25.2,Refrigerate,,Snow Warning,362,77,59,50,67,63,46,
699,Aurorus,6,Normal,Tundra ,Rock,Ice,2.7,225,Refrigerate,,Snow Warning,521,123,77,72,99,92,58,
700,Sylveon,6,Normal,Intertwining ,Fairy,,1,23.5,Cute Charm,,Pixilate,525,95,65,65,110,130,60,
701,Hawlucha,6,Normal,Wrestling ,Fighting,Flying,0.8,21.5,Limber,Unburden,Mold Breaker,500,78,92,75,74,63,118,
702,Dedenne,6,Normal,Antenna ,Electric,Fairy,0.2,2.2,Cheek Pouch,Pickup,Plus,431,67,58,57,81,67,101,
703,Carbink,6,Normal,Jewel ,Rock,Fairy,0.3,5.7,Clear Body,,Sturdy,500,50,50,150,50,150,50,
704,Goomy,6,Normal,Soft Tissue ,Dragon,,0.3,2.8,Sap Sipper,Hydration,Gooey,300,45,50,35,55,75,40,
705,Sliggoo,6,Normal,Soft Tissue ,Dragon,,0.8,17.5,Sap Sipper,Hydration,Gooey,452,68,75,53,83,113,60,
706,Goodra,6,Normal,Dragon ,Dragon,,2,150.5,Sap Sipper,Hydration,Gooey,600,90,100,70,110,150,80,
707,Klefki,6,Normal,Key Ring ,Steel,Fairy,0.2,3,Prankster,,Magician,470,57,80,91,80,87,75,
708,Phantump,6,Normal,Stump ,Ghost,Grass,0.4,7,Natural Cure,Frisk,Harvest,309,43,70,48,50,60,38,
709,Trevenant,6,Normal,Elder Tree ,Ghost,Grass,1.5,71,Natural Cure,Frisk,Harvest,474,85,110,76,65,82,56,
710,Pumpkaboo Average Size,6,Normal,Pumpkin ,Ghost,Grass,0.4,5,Pickup,Frisk,Insomnia,335,49,66,70,44,55,51,
711,Gourgeist Average Size,6,Normal,Pumpkin ,Ghost,Grass,0.9,12.5,Pickup,Frisk,Insomnia,494,65,90,122,58,75,84,
712,Bergmite,6,Normal,Ice Chunk ,Ice,,1,99.5,Own Tempo,Ice Body,Sturdy,304,55,69,85,32,35,28,
713,Avalugg,6,Normal,Iceberg ,Ice,,2,505,Own Tempo,Ice Body,Sturdy,514,95,117,184,44,46,28,
714,Noibat,6,Normal,Sound Wave ,Flying,Dragon,0.5,8,Frisk,Infiltrator,Telepathy,245,40,30,35,45,40,55,
715,Noivern,6,Normal,Sound Wave ,Flying,Dragon,1.5,85,Frisk,Infiltrator,Telepathy,535,85,70,80,97,80,123,
716,Xerneas,6,Legendary,Life ,Fairy,,3,215,Fairy Aura,,,680,126,131,95,131,98,99,
717,Yveltal,6,Legendary,Destruction ,Dark,Flying,5.8,203,Dark Aura,,,680,126,131,95,131,98,99,
718,Zygarde Complete Forme,6,Legendary,Order ,Dragon,Ground,4.5,610,Power Construct,,,708,216,100,121,91,95,85,
719,Diancie,6,Mythical,Jewel ,Rock,Fairy,0.7,8.8,Clear Body,,,600,50,100,150,100,150,50,
720,Hoopa Hoopa Confined,6,Mythical,Mischief ,Psychic,Ghost,0.5,9,Magician,,,600,80,110,60,150,130,70,
721,Volcanion,6,Mythical,Steam ,Fire,Water,1.7,195,Water Absorb,,,600,80,110,120,130,90,70,
722,Rowlet,7,Normal,Grass Quill ,Grass,Flying,0.3,1.5,Overgrow,,Long Reach,320,68,55,55,50,50,42,
723,Dartrix,7,Normal,Blade Quill ,Grass,Flying,0.7,16,Overgrow,,Long Reach,420,78,75,75,70,70,52,
724,Decidueye,7,Normal,Arrow Quill ,Grass,Ghost,1.6,36.6,Overgrow,,Long Reach,530,78,107,75,100,100,70,
725,Litten,7,Normal,Fire Cat ,Fire,,0.4,4.3,Blaze,,Intimidate,320,45,65,40,60,40,70,
726,Torracat,7,Normal,Fire Cat ,Fire,,0.7,25,Blaze,,Intimidate,420,65,85,50,80,50,90,
727,Incineroar,7,Normal,Heel ,Fire,Dark,1.8,83,Blaze,,Intimidate,530,95,115,90,80,90,60,
728,Popplio,7,Normal,Sea Lion ,Water,,0.4,7.5,Torrent,,Liquid Voice,320,50,54,54,66,56,40,
729,Brionne,7,Normal,Pop Star ,Water,,0.6,17.5,Torrent,,Liquid Voice,420,60,69,69,91,81,50,
730,Primarina,7,Normal,Soloist ,Water,Fairy,1.8,44,Torrent,,Liquid Voice,530,80,74,74,126,116,60,
731,Pikipek,7,Normal,Woodpecker ,Normal,Flying,0.3,1.2,Keen Eye,Skill Link,Pickup,265,35,75,30,30,30,65,
732,Trumbeak,7,Normal,Bugle Beak ,Normal,Flying,0.6,14.8,Keen Eye,Skill Link,Pickup,355,55,85,50,40,50,75,
733,Toucannon,7,Normal,Cannon ,Normal,Flying,1.1,26,Keen Eye,Skill Link,Sheer Force,485,80,120,75,75,75,60,
734,Yungoos,7,Normal,Loitering ,Normal,,0.4,6,Strong Jaw,Stakeout,Adaptability,253,48,70,30,30,30,45,
735,Gumshoos,7,Normal,Stakeout ,Normal,,0.7,14.2,Strong Jaw,Stakeout,Adaptability,418,88,110,60,55,60,45,
736,Grubbin,7,Normal,Larva ,Bug,,0.4,4.4,Swarm,,,300,47,62,45,55,45,46,
737,Charjabug,7,Normal,Battery ,Bug,Electric,0.5,10.5,Battery,,,400,57,82,95,55,75,36,
738,Vikavolt,7,Normal,Stag Beetle ,Bug,Electric,1.5,45,Levitate,,,500,77,70,90,145,75,43,
739,Crabrawler,7,Normal,Boxing ,Fighting,,0.6,7,Hyper Cutter,Iron Fist,Anger Point,338,47,82,57,42,47,63,
740,Crabominable,7,Normal,Woolly Crab ,Fighting,Ice,1.7,180,Hyper Cutter,Iron Fist,Anger Point,478,97,132,77,62,67,43,
741,Oricorio Baile Style,7,Normal,Dancing ,Fire,Flying,0.6,3.4,Dancer,,,476,75,70,70,98,70,93,
742,Cutiefly,7,Normal,Bee Fly ,Bug,Fairy,0.1,0.2,Honey Gather,Shield Dust,Sweet Veil,304,40,45,40,55,40,84,
743,Ribombee,7,Normal,Bee Fly ,Bug,Fairy,0.2,0.5,Honey Gather,Shield Dust,Sweet Veil,464,60,55,60,95,70,124,
744,Rockruff,7,Normal,Puppy ,Rock,,0.5,9.2,Keen Eye,Vital Spirit,Steadfast,280,45,65,40,30,40,60,
745,Lycanroc Midday Form,7,Normal,Wolf ,Rock,,0.8,25,Keen Eye,Sand Rush,Steadfast,487,75,115,65,55,65,112,
746,Wishiwashi Solo Form,7,Normal,Small Fry ,Water,,0.2,0.3,Schooling,,,175,45,20,20,25,25,40,
747,Mareanie,7,Normal,Brutal Star ,Poison,Water,0.4,8,Merciless,Limber,Regenerator,305,50,53,62,43,52,45,
748,Toxapex,7,Normal,Brutal Star ,Poison,Water,0.7,14.5,Merciless,Limber,Regenerator,495,50,63,152,53,142,35,
749,Mudbray,7,Normal,Donkey ,Ground,,1,110,Own Tempo,Stamina,Inner Focus,385,70,100,70,45,55,45,
750,Mudsdale,7,Normal,Draft Horse ,Ground,,2.5,920,Own Tempo,Stamina,Inner Focus,500,100,125,100,55,85,35,
751,Dewpider,7,Normal,Water Bubble ,Water,Bug,0.3,4,Water Bubble,,Water Absorb,269,38,40,52,40,72,27,
752,Araquanid,7,Normal,Water Bubble ,Water,Bug,1.8,82,Water Bubble,,Water Absorb,454,68,70,92,50,132,42,
753,Fomantis,7,Normal,Sickle Grass ,Grass,,0.3,1.5,Leaf Guard,,Contrary,250,40,55,35,50,35,35,
754,Lurantis,7,Normal,Bloom Sickle ,Grass,,0.9,18.5,Leaf Guard,,Contrary,480,70,105,90,80,90,45,
755,Morelull,7,Normal,Illuminating ,Grass,Fairy,0.2,1.5,Illuminate,Effect Spore,Rain Dish,285,40,35,55,65,75,15,
756,Shiinotic,7,Normal,Illuminating ,Grass,Fairy,1,11.5,Illuminate,Effect Spore,Rain Dish,405,60,45,80,90,100,30,
757,Salandit,7,Normal,Toxic Lizard ,Poison,Fire,0.6,4.8,Corrosion,,Oblivious,320,48,44,40,71,40,77,
758,Salazzle,7,Normal,Toxic Lizard ,Poison,Fire,1.2,22.2,Corrosion,,Oblivious,480,68,64,60,111,60,117,
759,Stufful,7,Normal,Flailing ,Normal,Fighting,0.5,6.8,Fluffy,Klutz,Cute Charm,340,70,75,50,45,50,50,
760,Bewear,7,Normal,Strong Arm ,Normal,Fighting,2.1,135,Fluffy,Klutz,Unnerve,500,120,125,80,55,60,60,
761,Bounsweet,7,Normal,Fruit ,Grass,,0.3,3.2,Leaf Guard,Oblivious,Sweet Veil,210,42,30,38,30,38,32,
762,Steenee,7,Normal,Fruit ,Grass,,0.7,8.2,Leaf Guard,Oblivious,Sweet Veil,290,52,40,48,40,48,62,
763,Tsareena,7,Normal,Fruit ,Grass,,1.2,21.4,Leaf Guard,Queenly Majesty,Sweet Veil,510,72,120,98,50,98,72,
764,Comfey,7,Normal,Posy Picker ,Fairy,,0.1,0.3,Flower Veil,Triage,Natural Cure,485,51,52,90,82,110,100,
765,Oranguru,7,Normal,Sage ,Normal,Psychic,1.5,76,Inner Focus,Telepathy,Symbiosis,490,90,60,80,90,110,60,
766,Passimian,7,Normal,Teamwork ,Fighting,,2,82.8,Receiver,,Defiant,490,100,120,90,40,60,80,
767,Wimpod,7,Normal,Turn Tail ,Bug,Water,0.5,12,Wimp Out,,,230,25,35,40,20,30,80,
768,Golisopod,7,Normal,Hard Scale ,Bug,Water,2,108,Emergency Exit,,,530,75,125,140,60,90,40,
769,Sandygast,7,Normal,Sand Heap ,Ghost,Ground,0.5,70,Water Compaction,,Sand Veil,320,55,55,80,70,45,15,
770,Palossand,7,Normal,Sand Castle ,Ghost,Ground,1.3,250,Water Compaction,,Sand Veil,480,85,75,110,100,75,35,
771,Pyukumuku,7,Normal,Sea Cucumber ,Water,,0.3,1.2,Innards Out,,Unaware,410,55,60,130,30,130,5,
772,Type: Null,7,Sub Legendary,Synthetic ,Normal,,1.9,120.5,Battle Armor,,,534,95,95,95,95,95,59,
773,Silvally,7,Sub Legendary,Synthetic ,Normal,,2.3,100.5,RKS System,,,570,95,95,95,95,95,95,
774,Minior Meteor Form,7,Normal,Meteor ,Rock,Flying,0.3,40,Shields Down,,,440,60,60,100,60,100,60,
775,Komala,7,Normal,Drowsing ,Normal,,0.4,19.9,Comatose,,,480,65,115,65,75,95,65,
776,Turtonator,7,Normal,Blast Turtle ,Fire,Dragon,2,212,Shell Armor,,,485,60,78,135,91,85,36,
777,Togedemaru,7,Normal,Roly-Poly ,Electric,Steel,0.3,3.3,Iron Barbs,Lightning Rod,Sturdy,435,65,98,63,40,73,96,
778,Mimikyu,7,Normal,Disguise ,Ghost,Fairy,0.2,0.7,Disguise,,,476,55,90,80,50,105,96,
779,Bruxish,7,Normal,Gnash Teeth ,Water,Psychic,0.9,19,Dazzling,Strong Jaw,Wonder Skin,475,68,105,70,70,70,92,
780,Drampa,7,Normal,Placid ,Normal,Dragon,3,185,Berserk,Sap Sipper,Cloud Nine,485,78,60,85,135,91,36,
781,Dhelmise,7,Normal,Sea Creeper ,Ghost,Grass,3.9,210,Steelworker,,,517,70,131,100,86,90,40,
782,Jangmo-o,7,Normal,Scaly ,Dragon,,0.6,29.7,Bulletproof,Soundproof,Overcoat,300,45,55,65,45,45,45,
783,Hakamo-o,7,Normal,Scaly ,Dragon,Fighting,1.2,47,Bulletproof,Soundproof,Overcoat,420,55,75,90,65,70,65,
784,Kommo-o,7,Normal,Scaly ,Dragon,Fighting,1.6,78.2,Bulletproof,Soundproof,Overcoat,600,75,110,125,100,105,85,
785,Tapu Koko,7,Sub Legendary,Land Spirit ,Electric,Fairy,1.8,20.5,Electric Surge,,Telepathy,570,70,115,85,95,75,130,
786,Tapu Lele,7,Sub Legendary,Land Spirit ,Psychic,Fairy,1.2,18.6,Psychic Surge,,Telepathy,570,70,85,75,130,115,95,
787,Tapu Bulu,7,Sub Legendary,Land Spirit ,Grass,Fairy,1.9,45.5,Grassy Surge,,Telepathy,570,70,130,115,85,95,75,
788,Tapu Fini,7,Sub Legendary,Land Spirit ,Water,Fairy,1.3,21.2,Misty Surge,,Telepathy,570,70,75,115,95,130,85,
789,Cosmog,7,Legendary,Nebula ,Psychic,,0.2,0.1,Unaware,,,200,43,29,31,29,31,37,
790,Cosmoem,7,Legendary,Protostar ,Psychic,,0.1,999.9,Sturdy,,,400,43,29,131,29,131,37,
791,Solgaleo,7,Legendary,Sunne ,Psychic,Steel,3.4,230,Full Metal Body,,,680,137,137,107,113,89,97,
792,Lunala,7,Legendary,Moone ,Psychic,Ghost,4,120,Shadow Shield,,,680,137,113,89,137,107,97,
793,Nihilego,7,Sub Legendary,Parasite ,Rock,Poison,1.2,55.5,Beast Boost,,,570,109,53,47,127,131,103,
794,Buzzwole,7,Sub Legendary,Swollen ,Bug,Fighting,2.4,333.6,Beast Boost,,,570,107,139,139,53,53,79,
795,Pheromosa,7,Sub Legendary,Lissome ,Bug,Fighting,1.8,25,Beast Boost,,,570,71,137,37,137,37,151,
796,Xurkitree,7,Sub Legendary,Glowing ,Electric,,3.8,100,Beast Boost,,,570,83,89,71,173,71,83,
797,Celesteela,7,Sub Legendary,Launch ,Steel,Flying,9.2,999.9,Beast Boost,,,570,97,101,103,107,101,61,
798,Kartana,7,Sub Legendary,Drawn Sword ,Grass,Steel,0.3,0.1,Beast Boost,,,570,59,181,131,59,31,109,
799,Guzzlord,7,Sub Legendary,Junkivore ,Dark,Dragon,5.5,888,Beast Boost,,,570,223,101,53,97,53,43,
800,Necrozma,7,Legendary,Prism ,Psychic,,2.4,230,Prism Armor,,,600,97,107,101,127,89,79,
801,Magearna,7,Mythical,Artificial ,Steel,Fairy,1,80.5,Soul-Heart,,,600,80,95,115,130,115,65,
802,Marshadow,7,Mythical,Gloomdweller ,Fighting,Ghost,0.7,22.2,Technician,,,600,90,125,80,90,90,125,
803,Poipole,7,Sub Legendary,Poison Pin ,Poison,,0.6,1.8,Beast Boost,,,420,67,73,67,73,67,73,
804,Naganadel,7,Sub Legendary,Poison Pin ,Poison,Dragon,3.6,150,Beast Boost,,,540,73,73,73,127,73,121,
805,Stakataka,7,Sub Legendary,Rampart ,Rock,Steel,5.5,820,Beast Boost,,,570,61,131,211,53,101,13,
806,Blacephalon,7,Sub Legendary,Fireworks ,Fire,Ghost,1.8,13,Beast Boost,,,570,53,127,53,151,79,107,
807,Zeraora,7,Mythical,Thunderclap ,Electric,,1.5,44.5,Volt Absorb,,,600,88,112,75,102,80,143,
808,Meltan,7,Mythical,Hex Nut ,Steel,,0.2,8,Magnet Pull,,,300,46,65,65,55,35,34,
809,Melmetal,7,Mythical,Hex Nut ,Steel,,2.5,800,Iron Fist,,,600,135,143,143,80,65,34,
810,Grookey,8,Normal,Chimp ,Grass,,0.3,5,Overgrow,,Grassy Surge,310,50,65,50,40,40,65,
811,Thwackey,8,Normal,Beat ,Grass,,0.7,14,Overgrow,,Grassy Surge,420,70,85,70,55,60,80,
812,Rillaboom,8,Normal,Drummer ,Grass,,2.1,90,Overgrow,,Grassy Surge,530,100,125,90,60,70,85,
813,Scorbunny,8,Normal,Rabbit ,Fire,,0.3,4.5,Blaze,,Libero,310,50,71,40,40,40,69,
814,Raboot,8,Normal,Rabbit ,Fire,,0.6,9,Blaze,,Libero,420,65,86,60,55,60,94,
815,Cinderace,8,Normal,Striker ,Fire,,1.4,33,Blaze,,Libero,530,80,116,75,65,75,119,
816,Sobble,8,Normal,Water Lizard ,Water,,0.3,4,Torrent,,Sniper,310,50,40,40,70,40,70,
817,Drizzile,8,Normal,Water lizard ,Water,,0.7,11.5,Torrent,,Sniper,420,65,60,55,95,55,90,
818,Inteleon,8,Normal,Secret Agent ,Water,,1.9,45.2,Torrent,,Sniper,530,70,85,65,125,65,120,
819,Skwovet,8,Normal,Cheeky ,Normal,,0.3,2.5,Cheek Pouch,,Gluttony,275,70,55,55,35,35,25,
820,Greedent,8,Normal,Greedy ,Normal,,0.6,6,Cheek Pouch,,Gluttony,460,120,95,95,55,75,20,
821,Rookidee,8,Normal,Tiny Bird ,Flying,,0.2,1.8,Keen Eye,Unnerve,Big Pecks,245,38,47,35,33,35,57,
822,Corvisquire,8,Normal,Raven ,Flying,,0.8,16,Keen Eye,Unnerve,Big Pecks,365,68,67,55,43,55,77,
823,Corviknight,8,Normal,Raven ,Flying,Steel,2.2,75,Pressure,Unnerve,Mirror Armor,495,98,87,105,53,85,67,
824,Blipbug,8,Normal,Larva ,Bug,,0.4,8,Swarm,Compound Eyes,Telepathy,180,25,20,20,25,45,45,
825,Dottler,8,Normal,Radome ,Bug,Psychic,0.4,19.5,Swarm,Compound Eyes,Telepathy,335,50,35,80,50,90,30,
826,Orbeetle,8,Normal,Seven Spot ,Bug,Psychic,0.4,40.8,Swarm,Frisk,Telepathy,505,60,45,110,80,120,90,
827,Nickit,8,Normal,Fox ,Dark,,0.6,8.9,Run Away,Unburden,Stakeout,245,40,28,28,47,52,50,
828,Thievul,8,Normal,Fox ,Dark,,1.2,19.9,Run Away,Unburden,Stakeout,455,70,58,58,87,92,90,
829,Gossifleur,8,Normal,Flowering ,Grass,,0.4,2.2,Cotton Down,Regenerator,Effect Spore,250,40,40,60,40,60,10,
830,Eldegoss,8,Normal,Cotton Bloom ,Grass,,0.5,2.5,Cotton Down,Regenerator,Effect Spore,460,60,50,90,80,120,60,
831,Wooloo,8,Normal,Sheep ,Normal,,0.6,6,Fluffy,Run Away,Bulletproof,270,42,40,55,40,45,48,
832,Dubwool,8,Normal,Sheep ,Normal,,1.3,43,Fluffy,Steadfast,Bulletproof,490,72,80,100,60,90,88,
833,Chewtle,8,Normal,Snapping ,Water,,0.3,8.5,Strong Jaw,Shell Armor,Swift Swim,284,50,64,50,38,38,44,
834,Drednaw,8,Normal,Bite ,Water,Rock,1,115.5,Strong Jaw,Shell Armor,Swift Swim,485,90,115,90,48,68,74,
835,Yamper,8,Normal,Puppy ,Electric,,0.3,13.5,Ball Fetch,,Rattled,270,59,45,50,40,50,26,
836,Boltund,8,Normal,Dog ,Electric,,1,34,Strong Jaw,,Competitive,490,69,90,60,90,60,121,
837,Rolycoly,8,Normal,Coal ,Rock,,0.3,12,Steam Engine,Heatproof,Flash Fire,240,30,40,50,40,50,30,
838,Carkol,8,Normal,Coal ,Rock,Fire,1.1,78,Steam Engine,Flame Body,Flash Fire,410,80,60,90,60,70,50,
839,Coalossal,8,Normal,Coal ,Rock,Fire,2.8,310.5,Steam Engine,Flame Body,Flash Fire,510,110,80,120,80,90,30,
840,Applin,8,Normal,Apple Core ,Grass,Dragon,0.2,0.5,Ripen,Gluttony,Bulletproof,260,40,40,80,40,40,20,
841,Flapple,8,Normal,Apple Wing ,Grass,Dragon,0.3,1,Ripen,Gluttony,Hustle,485,70,110,80,95,60,70,
842,Appletun,8,Normal,Apple Nectar ,Grass,Dragon,0.4,13,Ripen,Gluttony,Thick Fat,485,110,85,80,100,80,30,
843,Silicobra,8,Normal,Sand Snake ,Ground,,2.2,7.6,Sand Spit,Shed Skin,Sand Veil,315,52,57,75,35,50,46,
844,Sandaconda,8,Normal,Sand Snake ,Ground,,3.8,65.5,Sand Spit,Shed Skin,Sand Veil,510,72,107,125,65,70,71,
845,Cramorant,8,Normal,Gulp ,Flying,Water,0.8,18,Gulp Missile,,,475,70,85,55,85,95,85,
846,Arrokuda,8,Normal,Rush ,Water,,0.5,1,Swift Swim,,Propeller Tail,280,41,63,40,40,30,66,
847,Barraskewda,8,Normal,Skewer ,Water,,1.3,30,Swift Swim,,Propeller Tail,490,61,123,60,60,50,136,
848,Toxel,8,Normal,Baby ,Electric,Poison,0.4,11,Rattled,Static,Klutz,242,40,38,35,54,35,40,
849,Toxtricity Low Key Form,8,Normal,Punk ,Electric,Poison,1.6,40,Punk Rock,Minus,Technician,502,75,98,70,114,70,75,
850,Sizzlipede,8,Normal,Radiator ,Fire,Bug,0.7,1,Flash Fire,White Smoke,Flame Body,305,50,65,45,50,50,45,
851,Centiskorch,8,Normal,Radiator ,Fire,Bug,3,120,Flash Fire,White Smoke,Flame Body,525,100,115,65,90,90,65,
852,Clobbopus,8,Normal,Tantrum ,Fighting,,0.6,4,Limber,,Technician,310,50,68,60,50,50,32,
853,Grapploct,8,Normal,Tantrum ,Fighting,,1.6,39,Limber,,Technician,480,80,118,90,70,80,42,
854,Sinistea,8,Normal,Black Tea ,Ghost,,0.1,0.2,Weak Armor,,Cursed Body,308,40,45,45,74,54,50,
855,Polteageist,8,Normal,Black Tea ,Ghost,,0.2,0.4,Weak Armor,,Cursed Body,508,60,65,65,134,114,70,
856,Hatenna,8,Normal,Calm ,Psychic,,0.4,3.4,Healer,Anticipation,Magic Bounce,265,42,30,45,56,53,39,
857,Hattrem,8,Normal,Serene ,Psychic,,0.6,4.8,Healer,Anticipation,Magic Bounce,370,57,40,65,86,73,49,
858,Hatterene,8,Normal,Silent ,Psychic,Fairy,2.1,5,Healer,Anticipation,Magic Bounce,510,57,90,95,136,103,29,
859,Impidimp,8,Normal,Wily ,Dark,Fairy,0.4,5.5,Prankster,Frisk,Pickpocket,265,45,45,30,55,40,50,
860,Morgrem,8,Normal,Devious ,Dark,Fairy,0.8,12.5,Prankster,Frisk,Pickpocket,370,65,60,45,75,55,70,
861,Grimmsnarl,8,Normal,Bulk Up ,Dark,Fairy,1.5,61,Prankster,Frisk,Pickpocket,510,95,120,65,95,75,60,
862,Obstagoon,8,Normal,Blocking ,Dark,Normal,1.6,46,Reckless,Guts,Defiant,520,93,90,101,60,81,95,
863,Perrserker,8,Normal,Viking ,Steel,,0.8,28,Battle Armor,Tough Claws,Steely Spirit,440,70,110,100,50,60,50,
864,Cursola,8,Normal,Coral ,Ghost,,1,0.4,Weak Armor,,Perish Body,510,60,95,50,145,130,30,
865,Sirfetch'd,8,Normal,Wild Duck ,Fighting,,0.8,117,Steadfast,,Scrappy,507,62,135,95,68,82,65,
866,Mr. Rime,8,Normal,Comedian ,Psychic,Ice,1.5,58.2,Tangled Feet,Screen Cleaner,Ice Body,520,80,85,75,110,100,70,
867,Runerigus,8,Normal,Grudge ,Ground,Ghost,1.6,66.6,Wandering Spirit,,,483,58,95,145,50,105,30,
868,Milcery,8,Normal,Cream ,Fairy,,0.2,0.3,Sweet Veil,,Aroma Veil,270,45,40,40,50,61,34,
869,Alcremie,8,Normal,Cream ,Fairy,,0.3,0.5,Sweet Veil,,Aroma Veil,495,65,60,75,110,121,64,
870,Falinks,8,Normal,Formation ,Fighting,,3,62,Battle Armor,,Defiant,470,65,100,100,70,60,75,
871,Pincurchin,8,Normal,Sea Urchin ,Electric,,0.3,1,Lightning Rod,,Electric Surge,435,48,101,95,91,85,15,
872,Snom,8,Normal,Worm ,Ice,Bug,0.3,3.8,Shield Dust,,Ice Scales,185,30,25,35,45,30,20,
873,Frosmoth,8,Normal,Frost Moth ,Ice,Bug,1.3,42,Shield Dust,,Ice Scales,475,70,65,60,125,90,65,
874,Stonjourner,8,Normal,Big Rock ,Rock,,2.5,520,Power Spot,,,470,100,125,135,20,20,70,
875,Eiscue Ice Face,8,Normal,Penguin ,Ice,,1.4,89,Ice Face,,,470,75,80,110,65,90,50,
876,Indeedee Male,8,Normal,Emotion ,Psychic,Normal,0.9,28,Inner Focus,Synchronize,Psychic Surge,475,60,65,55,105,95,95,
877,Morpeko Full Belly Mode,8,Normal,Two-Sided ,Electric,Dark,0.3,3,Hunger Switch,,,436,58,95,58,70,58,97,
878,Cufant,8,Normal,Copperderm ,Steel,,1.2,100,Sheer Force,,Heavy Metal,330,72,80,49,40,49,40,
879,Copperajah,8,Normal,Copperderm ,Steel,,3,650,Sheer Force,,Heavy Metal,500,122,130,69,80,69,30,
880,Dracozolt,8,Normal,Fossil ,Electric,Dragon,1.8,190,Volt Absorb,Hustle,Sand Rush,505,90,100,90,80,70,75,
881,Arctozolt,8,Normal,Fossil ,Electric,Ice,2.3,150,Volt Absorb,Static,Slush Rush,505,90,100,90,90,80,55,
882,Dracovish,8,Normal,Fossil ,Water,Dragon,2.3,215,Water Absorb,Strong Jaw,Sand Rush,505,90,90,100,70,80,75,
883,Arctovish,8,Normal,Fossil ,Water,Ice,2,175,Water Absorb,Ice Body,Slush Rush,505,90,90,100,80,90,55,
884,Duraludon,8,Normal,Alloy ,Steel,Dragon,1.8,40,Light Metal,Heavy Metal,Stalwart,535,70,95,115,120,50,85,
885,Dreepy,8,Normal,Lingering ,Dragon,Ghost,0.5,2,Clear Body,Infiltrator,Cursed Body,270,28,60,30,40,30,82,
886,Drakloak,8,Normal,Caretaker ,Dragon,Ghost,1.4,11,Clear Body,Infiltrator,Cursed Body,410,68,80,50,60,50,102,
887,Dragapult,8,Normal,Stealth ,Dragon,Ghost,3,50,Clear Body,Infiltrator,Cursed Body,600,88,120,75,100,75,142,
888,Zacian Crowned Sword,8,Legendary,Warrior ,Fairy,Steel,2.8,355,Intrepid Sword,,,720,92,170,115,80,115,148,
889,Zamazenta Crowned Shield,8,Legendary,Warrior ,Fighting,Steel,2.9,785,Dauntless Shield,,,720,92,130,145,80,145,128,
890,Eternatus,8,Legendary,Gigantic ,Poison,Dragon,20,950,Pressure,,,690,140,85,95,145,95,130,
