TRID,Trainer,Role,PID_1,PID_2,PID_3,PID_4
1,Acerola,Tech,Palossand,Mimikyu,,
2,Agatha,Tech,Gengar,,,
3,Alder,Strike,Volcarona,,,
4,Barry,Strike,Piplup,Prinplup,Empoleon,
5,Bianca,Tech,Musharna,,,
6,Blaine,Tech,Ponyta,Rapidash,,
7,Blue,Strike,Pidgeot,Blastoise,,
8,Brawly,Tech,Makuhita,Hariyama,,
9,Brendan,Strike,Treecko,Grovyle,Sceptile,
10,Brock,Tech,Onix,Tyranitar,,
11,Bruno,Strike,Machamp,,,
12,Brycen,Tech,Cryogonal,,,
13,Bugsy,Strike,Beedrill,,,
14,Burgh,Strike,Leavanny,,,
15,Caitlin,Strike,Reuniclus,,,
16,Calem,Tech,Espurr,Meowstic,,
17,Candice,Tech,Abomasnow,,,
18,Cheren,Support,Stoutland,,,
19,Cheryl,Support,Blissey,,,
20,Clair,Strike,Kingdra,,,
21,Clay,Tech,Palpitoad,Seismitoad,,
22,Clemont,Tech,Heliolisk,,,
23,Crasher Wake,Tech,Floatzel,,,
24,Cynthia,Strike,Garchomp,Kommo-o,,
25,Cyrus,Strike,Palkia,,,
26,Dawn,Support,Turtwig,Grotle,Torterra,Alcremie
27,Diantha,Strike,Gardevoir,,,
28,Drake,Support,Salamence,,,
29,Elesa,Strike,Zebstrika,Rotom,,
30,Erika,Tech,Vileplume,Comfey,,
31,Ethan,Strike,Cyndaquil,Quilava,Typhlosion,
32,Fantina,Strike,Mismagius,Gengar,,
33,Flannery,Tech,Torkoal,Volcarona,,
34,Flint,Strike,Infernape,,,
35,Gardenia,Strike,Roserade,,,
36,Giovanni,Strike,Mewtwo,Golisopod,,
37,Glacia,Support,Glalie,Mudsdale,,
38,Gladion,Tech,Silvally,Raichu,,
39,Gloria,Strike,Zacian ,,,
40,Grant,Tech,Amaura,Aurorus,,
41,Grimsley,Tech,Liepard,Sharpedo,,
42,Guzma,Strike,Golisopod,,,
43,Hapu,Strike,Mudsdale,,,
44,Hau,Strike,Raichu,,,
45,Hilbert,Support,Oshawott,Dewott,Samurott,Mightyena
46,Hilda,Strike,Tepig,Pignite,Emboar,
47,Iris,Strike,Haxorus,Hydreigon,,
48,James,Tech,Weezing,,,
49,Janine,Tech,Ariados,,,
50,Jasmine,Support,Steelix,,,
51,Jessie,Strike,Arbok,,,
52,Kahili,Strike,Toucannon,,,
53,Karen,Strike,Houndoom,,,
54,Koga,Tech,Crobat,,,
55,Korrina,Strike,Lucario,,,
56,Kris,Strike,Totodile,Croconaw,Feraligatr,
57,Lance,Strike,Dragonite,Gyarados,,
58,Leaf,Support,Eevee,Venusaur ,,
59,Lear,Support,Hoopa,,,
60,Leon,Strike,Charizard,,,
61,Lillie,Support,Clefairy,Ribombee,,
62,Lisia,Tech,Altaria,,,
63,Liza,Support,Lunatone,,,
64,Lorelei,Tech,Lapras,,,
65,Lt. Surge,Tech,Voltorb,Electrode,,
66,Lucy,Tech,Seviper,,,
67,Lusamine,Strike,Pheromosa,,,
68,Lyra,Support,Chikorita,Bayleef,Meganium,Jigglypuff
69,Lysandre,Strike,Yveltal,Mismagius,,
70,Mallow,Tech,Tsareena,Torkoal,,
71,Marley,Support,Arcanine,Infernape,,
72,Marlon,Support,Carracosta,Roserade,,
73,Marnie,Tech,Morpeko,Mewtwo,,
74,Marshal,Strike,Conkeldurr,,,
75,May,Tech,Mudkip,Marshtomp,Swampert,
76,Maylene,Support,Meditite,Altaria,,
77,Mina,Tech,Granbull,Lunatone,,
78,Misty,Support,Starmie,Lapras,,
79,Molayne,Strike,Dugtrio,Milotic,,
80,Morty,Strike,Drifblim,Gallade,,
81,N,Strike,Zekrom,Miltank,,
82,Nanu,Tech,Persian,Aegislash,,
83,Nate,Strike,Braviary,Xatu,,
84,Noland,Strike,Pinsir,Pelipper,,
85,Norman,Strike,Slaking,Avalugg,,
86,Olivia,Strike,Lycanroc,,,
87,Phoebe,Support,Dusclops,Dusknoir,,
88,Piers,Support,Obstagoon,Xatu,,
89,Plumeria,Strike,Salazzle,Pelipper,,
90,Professor Kukui,Tech,Lycanroc,Avalugg,,
91,Professor Oak,Tech,Mew,,,
92,Professor Sycamore,Support,Xerneas,,,
93,Pryce,Strike,Seel,Dewgong,,
94,Rachel,Support,Umbreon,Lycanroc,,
95,Ramos,Tech,Weepinbell,Victreebel,,
96,Red,Strike,Charizard,,,
97,Roark,Strike,Cranidos,Rampardos,,
98,Rosa,Support,Snivy,Servine,Serperior,Delibird
99,Roxanne,Support,Nosepass,Probopass,,
100,Roxie,Strike,Whirlipede,Scolipede,,
101,Sabrina,Support,Alakazam,,,
102,Sawyer,Support,Honchkrow,,,
103,Serena,Tech,Fennekin,Braixen,Delphox,
104,Shauntal,Strike,Chandelure,,,
105,Siebold,Strike,Clawitzer,Octillery,,
106,Silver,Strike,Ho-Oh,,,
107,Skyla,Support,Swanna,Togekiss,,
108,Sophocles,Tech,Togedemaru,,,
109,Steven,Strike,Metagross,Sandslash,,
110,Tate,Strike,Solrock,Dugtrio,,
111,Thorton,Tech,Bronzong,Drifblim,,
112,Valerie,Strike,Sylveon,Zekrom,,
113,Viola,Tech,Surskit,Persian,,
114,Volkner,Tech,Luxray,,,
115,Wallace,Tech,Milotic,,,
116,Wally,Strike,Gallade,,,
117,Whitney,Tech,Miltank,,,
118,Wikstrom,Tech,Aegislash,Persian,,
119,Will,Tech,Xatu,Braviary,,
120,Winona,Tech,Pelipper,Pinsir,,
121,Wulfric,Strike,Avalugg,Slaking,Alakazam,
122,Zinnia,Strike,Rayquaza,Lycanroc,Honchkrow,
